,Unnamed: 0,STORE NAME,LICENSE ID,ACCOUNT NUMBER,SQUARE FEET,BUFFER SIZE,ADDRESS,ZIP CODE,COMMUNITY AREA NAME,COMMUNITY AREA,WARD,CENSUS TRACT,CENSUS BLOCK,LATITUDE,LONGITUDE,x,y
0,0,200 LIQUORS,48663.0,17055.0,5000.0,B,204 E 47TH ST,60653,GRAND BOULEVARD,38,3,17031381500,170314000000000.0,41.80942389,-87.6209518,448420.95221335994,4628803.461300096
1,1,3600 COMMISSARY,24279.0,9830.0,3800.0,B,3600 N LAKE SHORE DR,60613,LAKE VIEW,6,46,17031060900,170311000000000.0,41.94868367,-87.64364976,446651.4917856264,4644278.962522871
2,2,4343 PETES FRESH MARKET,1336669.0,260303.0,57000.0,A,4343 S PULASKI RD,60632,ARCHER HEIGHTS,57,14,17031570100,170316000000000.0,41.81391431,-87.72366494,439893.2947900686,4629368.7605340155
3,3,4700 PETE'S FRESH MARKET,1243125.0,245519.0,45000.0,A,4700 S KEDZIE AVE,60632,BRIGHTON PARK,58,14,17031842800,170318000000000.0,41.80804727,-87.70411882,441511.4426534795,4628703.878595541
4,4,5659 W. DIVERSEY,1575023.0,277375.0,4000.0,B,5659 W DIVERSEY AVE,60639,BELMONT CRAGIN,19,30,17031190602,170312000000000.0,41.9311354,-87.76861213,436276.5477698339,4642415.935179605
5,5,"7400 S HALSTED FOOD AND LIQUORS, INC.",980.0,186.0,10001.0,A,7400 S HALSTED ST,60621,ENGLEWOOD,68,17,17031681300,170317000000000.0,41.75967458,-87.64442024,446430.159118539,4623294.373971866
6,6,79 FOOD BASKET,1958784.0,341069.0,3000.0,B,1351 W 79TH ST,60620,AUBURN GRESHAM,71,21,17031710700,170317000000000.0,41.75032112,-87.65818905,445277.62655989866,4622264.572962414
7,7,A & B FOOD MARKET INC,43181.0,6483.0,10001.0,A,5057 W DIVISION ST,60651,AUSTIN,25,37,17031251100,170313000000000.0,41.90216644,-87.75318235,437527.5490750698,4639188.209041667
8,8,A & G LIQUORS,44373.0,35423.0,4800.0,B,6945 S STATE ST,60637,GREATER GRAND CROSSING,69,6,17031690400,170317000000000.0,41.76783128,-87.62476594,448070.57938379305,4624187.918648273
9,9,A & R FOOD MART,9125.0,4227.0,2500.0,B,5952 W GRAND AVE,60639,BELMONT CRAGIN,19,37,17031191302,170312000000000.0,41.92059646,-87.77519268,435720.39215325576,4641250.724685446
10,10,A & R FOOD MART,1954411.0,340750.0,3500.0,B,5952 W GRAND AVE,60639,BELMONT CRAGIN,19,37,17031191302,170312000000000.0,41.92059646,-87.77519268,435720.39215325576,4641250.724685446
11,11,AARAY GROCERY,1900.0,62541.0,10001.0,A,2601 N HALSTED ST,60614,LINCOLN PARK,7,43,17031070200,170311000000000.0,41.92920982,-87.64874627,446212.70869095775,4642119.996977324
12,12,ADA FOODS,50473.0,56673.0,4500.0,B,1281 W 71ST ST,60636,WEST ENGLEWOOD,67,17,17031671800,170317000000000.0,41.76489418,-87.6573078,445363.2555482011,4623881.986121503
13,13,ADAMS FOOD MART,1817376.0,316090.0,2500.0,B,559 N LARAMIE AVE,60644,AUSTIN,25,28,17031251600,170313000000000.0,41.89103355,-87.75530965,437340.21894800174,4637953.699396902
14,14,AL BAYAN GROCERY INC.,1542202.0,282078.0,2500.0,B,3134 N NARRAGANSETT AVE,60634,BELMONT CRAGIN,19,36,17031831500,170318000000000.0,41.93756465,-87.78605437,434836.99723814265,4643142.87763977
15,15,ALDI,1959623.0,5273.0,15680.0,A,6221 N BROADWAY,60660,EDGEWATER,77,49,17031030103,170310000000000.0,41.99521146,-87.66027799,445313.0771564876,4649455.383439161
16,16,ALDI,1922075.0,5273.0,16615.0,A,6621 S COTTAGE GROVE AVE,60637,WOODLAWN,42,5,17031420800,170314000000000.0,41.77430588,-87.60564803,449664.69273593614,4624895.395545697
17,17,ALDI #28,1519765.0,5273.0,15154.0,A,4934 S KEDZIE AVE,60632,BRIGHTON PARK,58,14,17031630300,170316000000000.0,41.80344571,-87.70398627,441518.26888319984,4628192.895618876
18,18,ALDI #30,1547427.0,5273.0,15154.0,A,3030 S KEDZIE AVE,60623,SOUTH LAWNDALE,30,12,17031840800,170318000000000.0,41.83811415,-87.70499446,441466.09486458823,4632042.690194564
19,19,ALDI #32,1975885.0,5273.0,16924.0,A,1840 N CLYBOURN AVE,60614,LINCOLN PARK,7,32,17031832600,170318000000000.0,41.91442371,-87.65462784,445712.53763233934,4640482.029904806
20,20,ALDI #70,1997726.0,5273.0,18263.0,A,7627 S ASHLAND AVE,60620,AUBURN GRESHAM,71,17,17031710300,170317000000000.0,41.75499092,-87.66340416,444848.0333793886,4622786.366977106
21,21,ALDI #79,1515471.0,5273.0,15150.0,A,7800 S SOUTH CHICAGO AVE,60619,AVALON PARK,45,5,17031834300,170318000000000.0,41.75274564,-87.58752349,451154.67813000403,4622491.222537659
22,22,ALDI FOODS #91,13994.0,5273.0,15565.0,A,3835 W MADISON ST,60624,WEST GARFIELD PARK,26,28,17031260800,170313000000000.0,41.88065941,-87.72219367,440077.8107103208,4636778.229834503
23,23,ALDI FOODS -STORE #04,13988.0,5273.0,12500.0,A,800 N KEDZIE AVE,60651,HUMBOLDT PARK,23,27,17031836600,170318000000000.0,41.89561531,-87.70670533,441376.596776326,4638428.048601531
24,24,ALDI FOODS STORE #2,14004.0,5273.0,15600.0,A,4645 W DIVERSEY AVE,60639,HERMOSA,20,31,17031190900,170312000000000.0,41.93146094,-87.74371731,438340.830967275,4642433.875622344
25,25,ALDI FOODS STORE #26,13998.0,5273.0,15540.0,A,2600 N CLYBOURN AVE,60614,LINCOLN PARK,7,32,17031070700,170311000000000.0,41.928695,-87.67419508,444102.30102822836,4642079.115551406
26,26,ALDI FOODS STORE #30,14000.0,5273.0,14860.0,A,4030 W WRIGHTWOOD AVE,60639,LOGAN SQUARE,22,31,17031220702,170312000000000.0,41.92820785,-87.72815856,439627.69505811436,4642061.617513781
27,27,ALDI FOODS STORE #90B,13992.0,5273.0,15565.0,A,2828 N CENTRAL AVE,60634,BELMONT CRAGIN,19,31,17031190402,170312000000000.0,41.93215768,-87.7664246,436458.92523726926,4642527.813863253
28,28,ALDI FOODS-STORE #27,13986.0,5273.0,12300.0,A,3363 N MILWAUKEE AVE,60641,IRVING PARK,16,30,17031161300,170312000000000.0,41.94238351,-87.72901086,439570.412252453,4643636.120778415
29,29,ALDI INC # 62,13984.0,5273.0,12646.0,A,6220 N CALIFORNIA AVE,60659,WEST RIDGE,2,50,17031020702,170310000000000.0,41.99462096,-87.69968686,442048.52584273537,4649415.740042511
30,30,ALDI INC #06,13978.0,5273.0,14000.0,A,5001 N PULASKI RD,60630,ALBANY PARK,14,39,17031140302,170311000000000.0,41.97198122,-87.7279869,439683.20572570845,4646921.6021031905
31,31,ALDI INC #10,14002.0,5273.0,15540.0,A,4501 S PULASKI RD,60632,ARCHER HEIGHTS,57,14,17031570100,170316000000000.0,41.81145154,-87.72357465,439898.492123788,4629095.2654350335
32,32,ALDI INC #53,13964.0,5273.0,13981.0,A,5775 S ARCHER AVE,60638,GARFIELD RIDGE,56,23,17031560700,170316000000000.0,41.79638049,-87.75734757,437078.4892894771,4627446.156903744
33,33,ALDI INC #58,13974.0,5273.0,12571.0,A,2431 W MONTROSE AVE,60618,NORTH CENTER,5,47,17031050300,170311000000000.0,41.9611941,-87.68996697,442823.68662652123,4645697.84845372
34,34,ALDI INC #64,13976.0,5273.0,11760.0,A,1767 N MILWAUKEE AVE,60647,WEST TOWN,24,32,17031831000,170318000000000.0,41.91358779,-87.68220284,443425.03065198706,4640407.041711051
35,35,ALDI INC #83,13990.0,5273.0,16300.0,A,8333 S CICERO AVE,60652,ASHBURN,70,18,17031700302,170317000000000.0,41.74091107,-87.74092286,438390.03773763205,4621275.750580195
36,36,ALDI INC #92,13996.0,5273.0,19410.0,A,620 W 63RD ST,60621,ENGLEWOOD,68,16,17031680900,170317000000000.0,41.77992005,-87.64092551,446737.4208499544,4625539.959777615
37,37,ALDI INC STORE #16,1226990.0,5273.0,20848.0,A,1246 E 87TH ST,60619,AVALON PARK,45,8,17031834300,170318000000000.0,41.73691535,-87.59365662,450632.65891187626,4620737.171727262
38,38,ALDI INC STORE #62,14006.0,5273.0,9495.0,B,1739 W CERMAK RD,60608,LOWER WEST SIDE,31,25,17031843200,170318000000000.0,41.8521512,-87.6700746,444377.5735619319,4633577.968722111
39,39,ALDI INC STORE #90,14008.0,5273.0,16340.0,A,9017 S HALSTED ST,60620,AUBURN GRESHAM,71,21,17031711500,170317000000000.0,41.73029727,-87.64330909,446498.1472679588,4620032.076147026
40,40,ALDI INC STORE #95,14011.0,5273.0,37000.0,A,2333 E 95TH ST,60617,SOUTH DEERING,51,7,17031510300,170315000000000.0,41.72246624,-87.56667305,452866.0084153252,4619117.843946215
41,41,ALDI INC STORE 14,1242812.0,5273.0,15000.0,A,5629 W FILLMORE ST,60644,AUSTIN,25,29,17031831400,170318000000000.0,41.86731565,-87.76559794,436463.2181576997,4635327.923261434
42,42,ALDI INC. #96,1868821.0,5273.0,16117.0,A,821 W 115TH ST,60643,WEST PULLMAN,53,34,17031530300,170315000000000.0,41.68496064,-87.64302231,446484.27410398016,4614998.560458642
43,43,ALDI INC.#94,14010.0,5273.0,10001.0,A,6025 S WESTERN AVE,60636,CHICAGO LAWN,66,16,17031835000,170318000000000.0,41.78396584,-87.68362338,443192.6714322227,4626016.474187442
44,44,ALDI'S,1817904.0,5273.0,11179.0,A,6520 W FULLERTON AVE,60707,BELMONT CRAGIN,19,36,17031831500,170318000000000.0,41.9237604,-87.78874776,434599.6181725895,4641612.261787462
45,45,ALDI'S,1817903.0,5273.0,15255.0,A,4500 N BROADWAY,60640,UPTOWN,3,46,17031830700,170318000000000.0,41.96378896,-87.65660649,445590.4264020759,4645964.230186102
46,46,ALDI'S # 26,1821323.0,5273.0,16550.0,A,10532 S INDIANAPOLIS AVE,60617,EAST SIDE,52,10,17031520100,170315000000000.0,41.70366236,-87.52571243,456260.2427124435,4617008.549379363
47,47,ALDI'S #08,1743166.0,5273.0,16890.0,A,7333 S STATE ST,60619,GREATER GRAND CROSSING,69,6,17031691000,170317000000000.0,41.76088087,-87.62466578,448073.30133344396,4623416.188915592
48,48,ALDI'S #47,1619769.0,5273.0,16370.0,A,1508 W 47TH ST,60609,NEW CITY,61,3,17031842600,170318000000000.0,41.80874139,-87.66291163,444934.9817237835,4628753.720388568
49,49,ALDI'S #93,1743165.0,5273.0,16890.0,A,7545 S WESTERN AVE,60620,ASHBURN,70,18,17031700100,170317000000000.0,41.75603509,-87.68285832,443231.6282344657,4622914.950360495
50,50,ALDI'S FOODS BELMONT,1975886.0,5273.0,18600.0,A,3320 W BELMONT AVE,60618,AVONDALE,21,35,17031831100,170318000000000.0,41.93940519,-87.71090059,441068.8837487649,4643292.833028997
51,51,ALL STAR FOOD & LIQUOR,1922124.0,319069.0,4200.0,B,2911 S ARCHER AVE,60608,BRIDGEPORT,60,11,17031600700,170316000000000.0,41.84148404,-87.65802198,445368.9835375754,4632385.892458169
52,52,ALLA'S FOOD,1068956.0,204849.0,3500.0,B,2024 E 93RD ST,60617,CALUMET HEIGHTS,48,8,17031480400,170315000000000.0,41.72624035,-87.57429226,452235.0605782819,4619541.06093901
53,53,ALMUFLIHI FOOD & LIQUOR,62800.0,86373.0,4500.0,B,5404 S HALSTED ST,60609,NEW CITY,61,20,17031612100,170316000000000.0,41.7958708,-87.64534412,446383.51233327785,4627313.646162962
54,54,AM-PM FOOD MART & CELLULAR,1093813.0,207399.0,3500.0,B,1924 E 87TH ST,60617,AVALON PARK,45,8,17031450300,170315000000000.0,41.73714625,-87.57708099,452011.2328323141,4620753.431760725
55,55,ANAR INC,31219.0,14297.0,10001.0,A,935 E 79TH ST,60619,CHATHAM,44,8,17031440101,170314000000000.0,41.75121793,-87.60140141,449999.7110506344,4622329.5810565585
56,56,ANDYS FRUIT RANCH,1275209.0,3868.0,15000.0,A,4733 N KEDZIE AVE,60625,ALBANY PARK,14,33,17031140800,170311000000000.0,41.96762916,-87.70830369,441310.0553766154,4646424.72534857
57,57,ARISTA FOODS,1473367.0,271891.0,10000.0,A,112 N MAY ST,60607,NEAR WEST SIDE,28,27,17031833000,170318000000000.0,41.88340212,-87.65572529,445595.20502914925,4637038.470848478
58,58,ARMITAGE PRODUCE INC,1771323.0,4469.0,14340.0,A,2007 N KIMBALL AVE,60647,LOGAN SQUARE,22,35,17031221100,170312000000000.0,41.91756242,-87.71175511,440977.9170867896,4640868.2539042095
59,59,AROUND THE CLOCK,15860.0,6777.0,3000.0,B,1605 W HOWARD ST,60626,ROGERS PARK,1,49,17031010202,170310000000000.0,42.01926518,-87.67157207,444398.600251581,4652133.33707149
60,60,ASHLAND FOOD AND LIQUORS,11636.0,5463.0,10001.0,A,1554 W 95TH ST,60643,WASHINGTON HEIGHTS,73,21,17031730201,170317000000000.0,41.72132699,-87.66253366,444891.6330156242,4619048.284911204
61,61,ATHENS GROCERY,971.0,185.0,2600.0,B,324 S HALSTED ST,60661,NEAR WEST SIDE,28,27,17031833100,170318000000000.0,41.87716213,-87.64736429,446283.6851310415,4636340.394894042
62,62,AVENUE FOOD MAR INC,1246771.0,20727.0,18000.0,A,6850 W BELMONT AVE,60634,DUNNING,17,36,17031171000,170312000000000.0,41.93823738,-87.79776035,433867.2741796346,4643226.534638107
63,63,AWAMI BAZAAR & ZABIHA MEAT,68226.0,20954.0,2500.0,B,2340 W DEVON AVE,60659,WEST RIDGE,2,50,17031020500,170310000000000.0,41.99785369,-87.68906427,442931.23182399373,4649767.534295165
64,64,B & H FOOD & GROCERY,6068.0,3550.0,4500.0,B,713 S ALBANY AVE,60612,EAST GARFIELD PARK,27,28,17031837300,170318000000000.0,41.87235004,-87.70327264,441640.183817992,4635842.624262387
65,65,Baltimore Food & Liquor,1446831.0,270755.0,3404.0,B,13322 S BALTIMORE AVE,60633,HEGEWISCH,55,10,17031550100,170316000000000.0,41.65296461,-87.54729865,454428.43136074924,4611391.172338337
66,66,BARI,1245246.0,246600.0,2500.0,B,1120 W GRAND AVE,60622,WEST TOWN,24,27,17031243500,170312000000000.0,41.89121012,-87.65556024,445615.5210838961,4637905.268395859
67,67,BERBATE FRUIT MARKET,1646036.0,296646.0,2500.0,B,3956 N NARRAGANSETT AVE,60634,DUNNING,17,38,17031170300,170312000000000.0,41.95273156,-87.78669844,434799.0589494711,4644827.332528139
68,68,BIG APPLE FINER FOODS INC,4900.0,3297.0,9000.0,B,2345 N CLARK ST,60614,LINCOLN PARK,7,43,17031071400,170311000000000.0,41.92496618,-87.63992602,446940.4785252316,4641643.337806294
69,69,BOB'S LIQUORS & GROCERIES,957.0,86492.0,10001.0,A,5069 W MADISON ST,60644,AUSTIN,25,28,17031252201,170313000000000.0,41.88029609,-87.7524942,437563.3341764956,4636759.492145636
70,70,BOCKWINKELS,1491357.0,276156.0,7200.0,B,222 N COLUMBUS DR,60601,LOOP,32,42,17031320100,170313000000000.0,41.88633942,-87.62083615,448492.2867148341,4637343.060982319
71,71,BOULEVARD FOOD & LIQUOR LLC,1931999.0,336958.0,3350.0,B,5922 W IRVING PARK RD,60634,PORTAGE PARK,15,38,17031150402,170312000000000.0,41.95318259,-87.77525938,435747.5774663333,4644868.770154013
72,72,BROADWAY SUPERMARKET,50737.0,17352.0,15000.0,A,4879 N BROADWAY,60640,UPTOWN,3,48,17031031200,170310000000000.0,41.97117118,-87.65958098,445350.2542294462,4646785.763651104
73,73,BUDGET FINER FOODS,1337515.0,260726.0,3200.0,B,6604 N SHERIDAN RD,60626,ROGERS PARK,1,49,17031010502,170310000000000.0,42.00272611,-87.66093837,445264.82125295105,4650290.153859157
74,74,BURNHAM PLAZA MART,2014232.0,350131.0,2950.0,B,828 S WABASH AVE,60605,LOOP,32,2,17031320600,170313000000000.0,41.8714442,-87.62607513,448045.57067025034,4635692.444399299
75,75,BUSY BEE SUPERMARKET,1974525.0,343785.0,2500.0,B,5659 S ASHLAND AVE,60636,WEST ENGLEWOOD,67,16,17031670200,170317000000000.0,41.79048002,-87.66434507,444800.24386681727,4626727.157114677
76,76,BUY -N- SAVE,62460.0,19735.0,8000.0,B,209 E 103RD ST,60628,ROSELAND,49,9,17031490902,170315000000000.0,41.70713532,-87.61824173,448564.4599993578,4617445.262967981
77,77,CAESAR'S FOODS INC,13670.0,6312.0,10001.0,A,901 N DAMEN AVE,60622,WEST TOWN,24,32,17031242200,170312000000000.0,41.89777928,-87.67695887,443846.06390972115,4638648.411169974
78,78,"CALABRIA IMPORTS, INC.",1357606.0,264103.0,3100.0,B,1905 W 103RD ST,60643,BEVERLY,72,19,17031720700,170317000000000.0,41.70647332,-87.66935499,444311.42560680443,4617403.557874662
79,79,"CALMA OPTIMAL DELI, INC.",1991322.0,346718.0,3000.0,B,5155 W ADDISON ST,60641,PORTAGE PARK,15,38,17031151001,170312000000000.0,41.9458951,-87.75664585,437283.10664258216,4644045.860202645
80,80,CARNICERIA DEL RIO,1801493.0,314238.0,3000.0,B,2714 W CERMAK RD,60608,SOUTH LAWNDALE,30,28,17031840700,170318000000000.0,41.85203474,-87.69369691,442416.5889797444,4633580.610113252
81,81,CARNICERIA EL PORVENIR,1768971.0,311076.0,2500.0,B,150 E KENSINGTON AVE,60628,WEST PULLMAN,53,9,17031530100,170315000000000.0,41.6840632,-87.61874297,448504.23017990496,4614884.11907087
82,82,CARNICERIA GUANAJUATO,2069477.0,358374.0,9325.0,B,5250 W FULLERTON AVE,60639,BELMONT CRAGIN,19,31,17031190702,170312000000000.0,41.92418915,-87.75822974,437130.5074583096,4641637.038915083
83,83,CARNICERIA GUANAJUATO #3,2060960.0,357299.0,9000.0,B,3132 N CALIFORNIA AVE,60618,AVONDALE,21,33,17031210800,170312000000000.0,41.93856972,-87.69794595,442142.02643695835,4643191.247218228
84,84,CARNICERIA GUANJUATO #3,17340.0,63206.0,8800.0,B,1436 N ASHLAND AVE,60622,WEST TOWN,24,1,17031241500,170312000000000.0,41.90811537,-87.66776383,444617.73019033787,4639790.026419441
85,85,CARNICERIA JIMENEZ #2,48081.0,16943.0,19000.0,A,3850 W FULLERTON AVE,60647,LOGAN SQUARE,22,30,17031220701,170312000000000.0,41.92462832,-87.72395332,439973.0018405395,4641661.235692703
86,86,CARNICERIA JIMENEZ INC,1693.0,85292.0,16000.0,A,4204 W NORTH AVE,60639,HUMBOLDT PARK,23,30,17031230500,170312000000000.0,41.90992525,-87.73155722,439328.5931823257,4640034.13143217
87,87,CARNICERIA LA AZTECA,1354069.0,262231.0,2500.0,B,7067 N CLARK ST,60626,ROGERS PARK,1,49,17031010702,170310000000000.0,42.01096295,-87.67421466,444172.5519017137,4651213.26116189
88,88,CARNICERIA LA GLORIA,1471030.0,271545.0,6500.0,B,2551 W 51ST ST,60632,GAGE PARK,63,14,17031630500,170316000000000.0,41.80096928,-87.6887221,442784.1011786692,4627907.67425943
89,89,"CARNICERIA LA GLORIA NO. 2, INC.",1514813.0,279304.0,7500.0,B,2744 W 55TH ST,60632,GAGE PARK,63,14,17031630500,170316000000000.0,41.79381183,-87.6931506,442409.7926889969,4627115.969978072
90,90,"CARNICERIA LA HACIENDA, INC.",1492826.0,276948.0,4000.0,B,3459 W 59TH ST,60629,CHICAGO LAWN,66,16,17031660400,170317000000000.0,41.7860244,-87.71060478,440952.46456494374,4626263.205273532
91,91,"CARNICERIA LA MEJOR PRODUCE, INC.",1800292.0,313836.0,4500.0,B,2915 N MILWAUKEE AVE,60618,AVONDALE,21,35,17031210602,170312000000000.0,41.9343144,-87.715772,440660.34070296155,4642730.970531619
92,92,CARNICERIA LA VILLA #2,2060542.0,357089.0,3289.0,B,5800 W GRAND AVE,60639,BELMONT CRAGIN,19,37,17031191302,170312000000000.0,41.9197749,-87.77072653,436089.9112994928,4641156.170041602
93,93,CARNICERIA RICARDO,35191.0,15006.0,5000.0,B,4419 W DIVERSEY AVE,60639,HERMOSA,20,31,17031200200,170312000000000.0,41.93154075,-87.73757251,438850.3549577999,4642438.335787786
94,94,CARNICERIA&FRUTERIA EL MITOTE,49322.0,17160.0,4500.0,B,4459 W BELMONT AVE,60641,HERMOSA,20,31,17031200100,170312000000000.0,41.93881951,-87.7394338,438703.01070347277,4643247.815280516
95,95,CENTRAL PARK FOODS INC,13813.0,6373.0,8000.0,B,3604 W GRAND AVE,60651,HUMBOLDT PARK,23,26,17031231200,170312000000000.0,41.90247367,-87.71681747,440544.121219415,4639196.476373148
96,96,CENTRO MARKET,66257.0,20469.0,9100.0,B,5153 S KEDZIE AVE,60632,GAGE PARK,63,14,17031630400,170316000000000.0,41.79925704,-87.70357471,441548.65201079095,4627727.564767937
97,97,CERMAK PRODUCE,53313.0,17784.0,10000.0,A,4800 W DIVERSEY AVE,60639,BELMONT CRAGIN,19,31,17031190200,170312000000000.0,41.93164142,-87.74671991,438092.0684834914,4642456.077846934
98,98,CERMAK PRODUCE,1574003.0,286531.0,14000.0,A,4401 W ARMITAGE AVE,60639,HERMOSA,20,31,17031831200,170318000000000.0,41.91693444,-87.73638715,438934.7040093601,4640815.776585005
99,99,CERMAK PRODUCE,1476657.0,273150.0,15000.0,A,1711 W CERMAK RD,60608,LOWER WEST SIDE,31,25,17031843200,170318000000000.0,41.85216786,-87.66897504,444468.86205636244,4633579.106750397
100,100,CERMAK PRODUCE,1770942.0,311980.0,17000.0,A,3311 W 26TH ST,60623,SOUTH LAWNDALE,30,22,17031840800,170318000000000.0,41.84436673,-87.70789805,441230.7371353919,4632738.876267215
101,101,CERMAK PRODUCE,1515206.0,279468.0,25000.0,A,5220 S PULASKI RD,60632,WEST ELSDON,62,23,17031620200,170316000000000.0,41.79799187,-87.72344374,439896.7886088528,4627600.800183053
102,102,CERMAK PRODUCE,1476654.0,273149.0,29000.0,A,4234 N KEDZIE AVE,60618,IRVING PARK,16,33,17031160501,170312000000000.0,41.95859672,-87.70830958,441301.2779654565,4645421.866484966
103,103,CERMAK PRODUCE #5 LTD,1649774.0,298958.0,10000.0,A,3435 S ARCHER AVE,60608,MCKINLEY PARK,59,11,17031840300,170318000000000.0,41.8313499,-87.67584785,443880.166575557,4631272.226776564
104,104,CERMAK PRODUCE NO.4,69608.0,21223.0,17000.0,A,2701 W NORTH AVE,60647,WEST TOWN,24,26,17031241000,170312000000000.0,41.91013224,-87.69460039,442393.79285513243,4640031.631311937
105,105,CHARLIES  SUPERMARKET INC.,1441898.0,268397.0,2500.0,B,2941 W MONTROSE AVE,60618,IRVING PARK,16,33,17031160601,170312000000000.0,41.96111443,-87.70258694,441777.8158218098,4645697.500880122
106,106,CHATHAM FOOD MARKET,1904290.0,331037.0,4500.0,B,327 E 79TH ST,60619,CHATHAM,44,6,17031440300,170314000000000.0,41.75097268,-87.61695788,448706.1519061975,4622311.509741944
107,107,CHICAGO FOOD CORP,1169745.0,11429.0,10000.0,A,5800 N PULASKI RD,60646,NORTH PARK,13,39,17031130200,170311000000000.0,41.98592799,-87.72866342,439640.3243456178,4648470.579723947
108,108,CHICAGO GROCERS,1332221.0,258200.0,2500.0,B,2122 W DEVON AVE,60659,WEST RIDGE,2,50,17031020500,170310000000000.0,41.99794589,-87.68356871,443386.4611792702,4649774.123036771
109,109,Chicago Health - Maple Street,2065274.0,357879.0,2900.0,B,22 W MAPLE ST,60610,NEAR NORTH SIDE,8,42,17031081100,170311000000000.0,41.90198255,-87.6292631,447805.8783111936,4639084.971152232
110,110,CHICAGO PRODUCE,1865.0,368.0,13500.0,A,3500 W LAWRENCE AVE,60625,ALBANY PARK,14,39,17031140200,170311000000000.0,41.96848537,-87.71587133,440683.7933525755,4646525.001388673
111,111,CICERO DELI INC.,20884.0,8639.0,3600.0,B,3206 N CICERO AVE,60641,PORTAGE PARK,15,30,17031151002,170312000000000.0,41.93904667,-87.74702197,438074.1893240019,4643278.49044448
112,112,CITY GROCERY,1979483.0,344633.0,5000.0,B,405 N WABASH AVE,60611,NEAR NORTH SIDE,8,42,17031081500,170311000000000.0,41.88946533,-87.62650927,448024.14802380756,4637693.543388041
113,113,CLARENDON FOOD MART INC,29515.0,11687.0,10000.0,A,4183 N CLARENDON AVE,60613,UPTOWN,3,46,17031031400,170310000000000.0,41.9580048,-87.64965374,446161.6982229837,4645317.629924308
114,114,CLYBOURN MARKET,40522.0,15968.0,3500.0,B,2807 N CLYBOURN AVE,60618,NORTH CENTER,5,1,17031051400,170311000000000.0,41.93257918,-87.67832746,443763.09448251047,4642513.071864951
115,115,COMMERCIAL GROCERY,56894.0,23932.0,2500.0,B,3004 E 100TH ST,60617,SOUTH DEERING,51,10,17031510100,170315000000000.0,41.71349784,-87.55073311,454185.47570149053,4618113.532024807
116,116,CORCORANS PANTRY INC,9412.0,4333.0,4200.0,B,1105 W BRYN MAWR AVE,60660,EDGEWATER,77,48,17031030701,170310000000000.0,41.98354479,-87.65826767,445469.62529213284,4648158.758238522
117,117,COTTAGE GROVE FOOD MART,1898994.0,329883.0,4000.0,B,6307 S COTTAGE GROVE AVE,60637,WOODLAWN,42,20,17031420800,170314000000000.0,41.78015196,-87.60577752,449658.50233699376,4625544.533550743
118,118,COUNTY FAIR FOODS,37096.0,15344.0,10001.0,A,10800 S WESTERN AVE,60643,MORGAN PARK,75,19,17031750300,170318000000000.0,41.69723821,-87.6814748,443294.9719868763,4616386.148251454
119,119,CRESPO'S FOOD MART,40132.0,15902.0,2800.0,B,4353 W MADISON ST,60624,WEST GARFIELD PARK,26,28,17031260600,170313000000000.0,41.880505,-87.73512285,439004.89254443225,4636770.194529252
120,120,CUENCA'S BAKERY & GROCERIES,1619464.0,292181.0,4500.0,B,4229 W MONTROSE AVE,60641,IRVING PARK,16,38,17031160300,170312000000000.0,41.96076752,-87.73394693,439178.72529535415,4645680.768149078
121,121,CUPBOARD FOOD & LIQUOR,7110.0,3758.0,3000.0,B,3260 W 55TH ST,60632,GAGE PARK,63,14,17031630300,170316000000000.0,41.79358918,-87.70594578,441346.5007870703,4627099.901036976
122,122,D & A FOOD & LIQUOR,46444.0,7945.0,5500.0,B,1601 W GARFIELD BLVD,60636,WEST ENGLEWOOD,67,15,17031670300,170317000000000.0,41.79355436,-87.66463755,444778.58041784813,4627068.675481053
123,123,DANNY'S FRESH MARKET,1888080.0,326926.0,14405.0,A,2140 N WESTERN AVE,60647,LOGAN SQUARE,22,1,17031221500,170312000000000.0,41.92109627,-87.68767101,442978.23829671857,4641244.315419254
124,124,DEVON MARKET,1042888.0,201952.0,18500.0,A,1440 W DEVON AVE,60660,ROGERS PARK,1,40,17031010600,170310000000000.0,41.99822825,-87.66710447,444750.28751958336,4649794.718545978
125,125,DIA FOOD & LIQUOR,41854.0,16133.0,4500.0,B,1478 W 115TH ST,60643,MORGAN PARK,75,34,17031750600,170318000000000.0,41.6849558,-87.65972583,445094.103035242,4615008.53845888
126,126,DILILAH GROCERY,1986580.0,346168.0,3125.0,B,1759 W 21ST ST,60608,LOWER WEST SIDE,31,25,17031310800,170313000000000.0,41.85396788,-87.67087019,444313.10758251493,4633780.18457748
127,127,DISCOUNT MEAT COMPANY,13820.0,6377.0,4160.0,B,339 W 79TH ST,60620,CHATHAM,44,17,17031842400,170318000000000.0,41.75068744,-87.63338093,447340.5018072757,4622289.762424989
128,128,DISCOUNT PANTRY CORPORATION,32952.0,14616.0,3600.0,B,4153 W 63RD ST,60629,WEST LAWN,65,13,17031650301,170317000000000.0,41.77849291,-87.72732752,439555.81264330674,4625438.6369186025
129,129,DOLLAR & LINEN,1875260.0,46290.0,5800.0,B,1853 W 87TH ST,60620,AUBURN GRESHAM,71,21,17031711300,170317000000000.0,41.73558907,-87.66995173,444286.9309234003,4620636.499525801
130,130,DOLLAR DEALS & UP,1276566.0,252997.0,2500.0,B,2057 N PULASKI RD,60639,HERMOSA,20,30,17031200402,170312000000000.0,41.91889126,-87.72646532,439759.3212487181,4641026.0214354
131,131,DOMINICK'S,1969836.0,5033.0,59488.0,A,6623 N DAMEN AVE,60645,WEST RIDGE,2,50,17031020500,170310000000000.0,42.00222338,-87.68012883,443675.1270966345,4650246.7825876875
132,132,DOMINICK'S # 1100,41629.0,5033.0,10001.0,A,3145 S ASHLAND AVE,60608,MCKINLEY PARK,59,11,17031840400,170318000000000.0,41.83646835,-87.6655669,444738.26376360276,4631833.844579814
133,133,DOMINICK'S # 113/1113,41633.0,5033.0,10001.0,A,6312 N NAGLE AVE,60646,NORWOOD PARK,10,41,17031100200,170311000000000.0,41.99598529,-87.78763712,434765.4137277518,4649630.484680232
134,134,DOMINICK'S # 12/0012,41645.0,5033.0,10001.0,A,6009 N BROADWAY,60660,EDGEWATER,77,48,17031030101,170310000000000.0,41.99118175,-87.66015508,445319.8083746198,4649007.888389416
135,135,DOMINICK'S # 130/1130,41657.0,5033.0,10001.0,A,2101 E 71ST ST,60649,SOUTH SHORE,43,5,17031430600,170314000000000.0,41.76599,-87.57378734,452306.4792872564,4623953.96740162
136,136,DOMINICK'S # 304/2304,41617.0,5033.0,10001.0,A,2550 N CLYBOURN AVE,60614,LINCOLN PARK,7,32,17031070700,170311000000000.0,41.92787172,-87.67325881,444179.2100642817,4641987.098232539
137,137,DOMINICK'S # 86/1086,41625.0,5033.0,10001.0,A,3350 N WESTERN AVE,60618,NORTH CENTER,5,47,17031843700,170318000000000.0,41.9427472,-87.68835432,442940.8759073444,4643648.637388823
138,138,DOMINICK'S #147/1147,41674.0,5033.0,68000.0,A,1340 S CANAL ST,60607,NEAR WEST SIDE,28,2,17031841900,170318000000000.0,41.86452119,-87.6393041,446942.04597738426,4634931.895034647
139,139,DOMINICK'S #153/2153,41678.0,5033.0,68000.0,A,424 W DIVISION ST,60610,NEAR NORTH SIDE,8,27,17031080400,170311000000000.0,41.90388396,-87.6394372,446963.55991450814,4639302.320609103
140,140,DOMINICK'S #160/1698,41689.0,5033.0,72000.0,A,1763 W HOWARD ST,60626,ROGERS PARK,1,49,17031010202,170310000000000.0,42.01928855,-87.67505851,444109.96727309213,4652138.202623719
141,141,Dominick's #1703,1574461.0,5033.0,49320.0,A,255 E GRAND AVE,60611,NEAR NORTH SIDE,8,42,17031081403,170311000000000.0,41.89168984,-87.62044413,448529.1054860482,4637936.868854964
142,142,DOMINICK'S #1875,1273445.0,5033.0,39000.0,A,1 N HALSTED ST,60661,NEAR WEST SIDE,28,27,17031280100,170313000000000.0,41.88181563,-87.64721472,446299.9918293393,4636856.96664567
143,143,DOMINICKS #2889,2042084.0,5033.0,48735.0,A,5233 N LINCOLN AVE,60625,LINCOLN SQUARE,4,40,17031040202,170310000000000.0,41.9768951,-87.69227967,442646.12136160425,4647442.661935047
144,144,DOMINICKS #2890,2042094.0,5033.0,55129.0,A,5201 N SHERIDAN RD,60640,EDGEWATER,77,48,17031030706,170310000000000.0,41.97648167,-87.65483978,445747.59535207617,4647372.36887664
145,145,DOMINICK'S FINER FOODS - STORE # 2775,1820382.0,5033.0,54963.0,A,2021 W CHICAGO AVE,60622,WEST TOWN,24,1,17031243000,170312000000000.0,41.89578523,-87.67793089,443763.68502798816,4638427.653135717
146,146,"DOMINICK'S Finer Foods, Inc. #1695",41682.0,5033.0,26819.0,A,959 W FULLERTON AVE,60614,LINCOLN PARK,7,43,17031071100,170311000000000.0,41.92526828,-87.65348756,445816.27403368306,4641685.360185575
147,147,E.M. GROCERIES,4863.0,3289.0,4500.0,B,5358 S CARPENTER ST,60609,NEW CITY,61,16,17031612000,170316000000000.0,41.79612897,-87.6514349,445877.69320224,4627346.1265462
148,148,EDDIE & SON FOOD &LIQ.,4146.0,3169.0,2500.0,B,3624 W NORTH AVE,60647,HUMBOLDT PARK,23,26,17031230400,170312000000000.0,41.91009267,-87.71757535,440488.3349629921,4640042.923898642
149,149,EDDIE'S FOOD MART,50432.0,17311.0,4500.0,B,1858 W 63RD ST,60636,WEST ENGLEWOOD,67,15,17031670600,170317000000000.0,41.77946116,-87.67143667,444201.4551499842,4625508.360189785
150,150,"EDDIE'S SUNSHINE FOOD & LIQUOR,  INC.",24217.0,63476.0,3000.0,B,10806 S MICHIGAN AVE,60628,ROSELAND,49,9,17031490901,170315000000000.0,41.69781792,-87.621011,448326.60724351084,4616412.467500865
151,151,EDDY'S FOOD MART,1879269.0,324962.0,4000.0,B,7575 N ROGERS AVE,60626,ROGERS PARK,1,49,17031010300,170310000000000.0,42.01916463,-87.66839729,444661.3631784376,4652120.115443953
152,152,EDGEWATER PRODUCE,16765.0,6928.0,7400.0,B,5509 N CLARK ST,60640,EDGEWATER,77,48,17031030800,170310000000000.0,41.98197138,-87.66832103,444635.44713787065,4647990.513262865
153,153,EL  PASEO  BORICUA,1301216.0,254645.0,3000.0,B,2706 W DIVISION ST,60622,WEST TOWN,24,26,17031242600,170312000000000.0,41.9030542,-87.69477042,442373.32698808203,4639245.885623254
154,154,EL BARRIO GROCERY,42681.0,16221.0,10001.0,A,3938 W NORTH AVE,60647,HUMBOLDT PARK,23,30,17031230400,170312000000000.0,41.91000804,-87.72543846,439836.1302821023,4640039.013312958
155,155,EL MILAGRO,43513.0,2718.0,5500.0,B,3048 W 26TH ST,60623,SOUTH LAWNDALE,30,12,17031300900,170313000000000.0,41.84468733,-87.70210294,441712.1368666306,4632770.521975719
156,156,EL YUNQUE FOOD & LIQUOR,1986802.0,346323.0,2500.0,B,1900 N CALIFORNIA AVE,60647,LOGAN SQUARE,22,35,17031222500,170312000000000.0,41.91576102,-87.69729581,442175.329457411,4640658.397488051
157,157,EMILIO'S PRODUCE,1675623.0,298914.0,2500.0,B,2294 N MILWAUKEE AVE,60647,LOGAN SQUARE,22,1,17031221400,170312000000000.0,41.92259747,-87.69709763,442197.9333782652,4641417.302240122
158,158,EUROPA GALLERIA INC,1299537.0,253902.0,6500.0,B,340 W SUPERIOR ST,60610,NEAR NORTH SIDE,8,42,17031081800,170311000000000.0,41.89566277,-87.63722072,447140.62168550614,4638388.173396043
159,159,EXTRA VALUE FOOD & LIQUOR,1823321.0,319024.0,5000.0,B,6257 S ASHLAND AVE,60636,WEST ENGLEWOOD,67,16,17031670800,170317000000000.0,41.77961467,-87.66407749,444813.16097250965,4625520.654493775
160,160,"MY RANCH, INC.",1899688.0,20694.0,8500.0,B,4650 N SHERIDAN RD,60640,UPTOWN,3,46,17031830700,170310000000000.0,41.96697757,-87.65494464,445730.8416156095,4646317.2041461235
161,161,FAIRPLAY FINER FOOD,10940.0,86481.0,10001.0,A,2200 S WESTERN AVE,60608,LOWER WEST SIDE,31,25,17031841300,170318000000000.0,41.85198384,-87.6857857,443073.2520872904,4633569.683779702
162,162,FAIRPLAY FINER FOODS INC,10949.0,86481.0,10001.0,A,4640 S HALSTED ST,60609,NEW CITY,61,11,17031842600,170318000000000.0,41.80962977,-87.64570757,446364.790545639,4628841.473381846
163,163,FAIRPLAY FOODS INC,10947.0,86481.0,18500.0,A,2323 W 111TH ST,60643,MORGAN PARK,75,19,17031750500,170318000000000.0,41.6916792,-87.67977917,443431.194581414,4615767.850786853
164,164,FAIRWAY FOOD,2031993.0,352796.0,3000.0,B,2900 E 79TH ST,60649,SOUTH SHORE,43,7,17031431301,170314000000000.0,41.75200539,-87.55401542,453939.9395266512,4622390.555311718
165,165,FAMILY PRIDE,77270.0,22785.0,12500.0,A,10601 S PULASKI RD,60655,MOUNT GREENWOOD,74,19,17031740200,170317000000000.0,41.70035527,-87.7205409,440047.18674958136,4616758.674564983
166,166,FARM SUPER MARKET,2017764.0,339512.0,3000.0,B,2255 W DEVON AVE,60659,WEST RIDGE,2,50,17031020901,170310000000000.0,41.99766696,-87.68721346,443084.3513449227,4649745.569823879
167,167,FIESTA SUPERMARCADO,1196305.0,221943.0,14500.0,A,3307 W 63RD ST,60629,CHICAGO LAWN,66,15,17031660500,170317000000000.0,41.77881858,-87.70590358,441336.5444637742,4625459.957124937
168,168,FIRST CHOICE MARKET,1969290.0,342952.0,10000.0,A,3019 E 91ST ST,60617,SOUTH CHICAGO,46,10,17031461000,170315000000000.0,41.72997787,-87.55038259,454226.3304071251,4619943.024813521
169,169,FIVE STAR CERTIFIED INC,7168.0,3771.0,5000.0,B,935 W 87TH ST,60620,AUBURN GRESHAM,71,21,17031711400,170317000000000.0,41.73590841,-87.64742288,446160.70116826164,4620657.615249535
170,170,FOOD 4 LESS,1884255.0,251246.0,58000.0,A,4821 W NORTH AVE,60639,AUSTIN,25,37,17031250800,170313000000000.0,41.90950515,-87.74695994,438050.76209495217,4639998.498679088
171,171,FOOD 4 LESS,1928152.0,251246.0,63506.0,A,112 W 87TH ST,60620,CHATHAM,44,21,17031842400,170318000000000.0,41.73638005,-87.62750922,447817.0977600591,4620697.712819499
172,172,Food 4 Less Midwest,1596210.0,251246.0,62000.0,A,7030 S ASHLAND AVE,60636,WEST ENGLEWOOD,67,17,17031671500,170317000000000.0,41.76579077,-87.66396689,444810.50446526986,4623985.781463067
173,173,FOOD 4 LESS MIDWEST #789,1272529.0,251246.0,64486.0,A,4620 S DAMEN AVE,60609,NEW CITY,61,12,17031610300,170316000000000.0,41.80966853,-87.6751157,443922.04989791854,4628864.548587486
174,174,FOOD BASKET,1682475.0,291625.0,2500.0,B,7205 S HALSTED ST,60621,ENGLEWOOD,68,17,17031681300,170317000000000.0,41.7631812,-87.64421502,446450.13412789075,4623683.56864879
175,175,FOODSMART,46295.0,16644.0,3500.0,B,3415 W DIVERSEY AVE,60647,LOGAN SQUARE,22,35,17031220602,170312000000000.0,41.93185278,-87.71290125,440896.0631793712,4642455.677611636
176,176,FOODSMART,1474028.0,272175.0,13800.0,A,2901 W ARMITAGE AVE,60647,LOGAN SQUARE,22,35,17031222500,170312000000000.0,41.91735855,-87.69934107,442007.1676099751,4640837.149256376
177,177,FRESH BUY FOODS INC,23640.0,9535.0,26000.0,A,6319 S VERNON AVE,60637,WOODLAWN,42,20,17031420700,170314000000000.0,41.77966465,-87.61425094,448953.95282679156,4625495.425219486
178,178,FRESH FARMS INTERNATIONAL,30144.0,12018.0,9500.0,B,2626 W DEVON AVE,60659,WEST RIDGE,2,50,17031020602,170310000000000.0,41.99773591,-87.69592888,442362.591774623,4649759.055285249
179,179,FRESH MARKET PLACE,1382145.0,266140.0,20000.0,A,2600 N CENTRAL AVE,60639,BELMONT CRAGIN,19,30,17031190602,170312000000000.0,41.92764768,-87.76626652,436467.55622031435,4642026.958017296
180,180,FRUTERIA EL MERCADO,21239.0,8832.0,5500.0,B,2759 S SPAULDING AVE,60623,SOUTH LAWNDALE,30,22,17031840800,170318000000000.0,41.84093316,-87.70722418,441283.542840005,4632357.197370571
181,181,FURTERIA EL SERRANITO,2031979.0,352794.0,2500.0,B,1755 W 38TH ST,60609,MCKINLEY PARK,59,11,17031590700,170316000000000.0,41.82486062,-87.67002302,444358.22185512446,4630547.956861402
182,182,GAYTAN GROCERY STORE,85044.0,81586.0,3500.0,B,2802 S KOLIN AVE,60623,SOUTH LAWNDALE,30,22,17031301801,170313000000000.0,41.84030863,-87.73310706,439134.04430287884,4632305.87668042
183,183,GEMELOS FOOD/ CHECK CASHING SERVICES,1045757.0,203580.0,6600.0,B,4300 S MOZART ST,60632,BRIGHTON PARK,58,14,17031580502,170316000000000.0,41.815432,-87.69579779,442209.2809994733,4629518.146725366
184,184,GENE'S SAUSAGE SHOP & DELI INC,1876.0,371.0,5000.0,B,5330 W BELMONT AVE,60641,PORTAGE PARK,15,38,17031151100,170312000000000.0,41.93876197,-87.76040707,436964.31971972605,4643256.63670283
185,185,GENES SAUSAGE SHOP AT DELI MEYER,1922145.0,335302.0,6000.0,B,4746 N LINCOLN AVE,60625,LINCOLN SQUARE,4,47,17031040600,170310000000000.0,41.96775366,-87.68817172,442978.305189073,4646424.953380267
186,186,GILMART'S  FOOD & LIQUOR,22715.0,9350.0,10001.0,A,5044 S ARCHER AVE,60632,ARCHER HEIGHTS,57,14,17031570300,170316000000000.0,41.80140003,-87.72604374,439683.97707372403,4627981.015585783
187,187,GOLDMORE FOOD,34046.0,14804.0,2500.0,B,1949 W 51ST ST,60609,NEW CITY,61,16,17031611700,170316000000000.0,41.80112781,-87.67408034,444000.6155091258,4627915.632296251
188,188,GRAND FOOD MARKET,1221783.0,223107.0,3952.0,B,5202 W GRAND AVE,60639,BELMONT CRAGIN,19,37,17031191200,170312000000000.0,41.91706775,-87.75604133,437304.9926661965,4640844.75952461
189,189,"GRAND PALACE SUPERMARKET, INC",49648.0,17200.0,3000.0,B,7131 S STATE ST,60619,GREATER GRAND CROSSING,69,6,17031691000,170317000000000.0,41.76457363,-87.62473997,448070.1113494487,4623826.22226445
190,190,"H & A FOOD MARKET, INC.",1379268.0,217567.0,2500.0,B,1007 W 63RD ST,60621,ENGLEWOOD,68,16,17031681000,170317000000000.0,41.77956458,-87.64997484,445985.09658558376,4625506.13843339
191,191,H & Z GROCERY STORE,3166.0,2823.0,10001.0,A,3638 W WRIGHTWOOD AVE,60647,LOGAN SQUARE,22,35,17031220702,170312000000000.0,41.92834525,-87.7186709,440414.4572743983,4642070.235758688
192,192,HALAL MEAT & GROCERY,55665.0,18191.0,2500.0,B,1414 W DEVON AVE,60660,ROGERS PARK,1,40,17031010600,170310000000000.0,41.99823739,-87.6661711,444827.5975411616,4649795.131511928
193,193,HAPPY FOODS,1618660.0,294177.0,11000.0,A,6783 N NORTHWEST HWY,60631,EDISON PARK,9,41,17031090200,170311000000000.0,42.00439926,-87.81848576,432219.34676110704,4650588.650360688
194,194,HAPPY FOODS,1618656.0,294177.0,11500.0,A,6415 N CENTRAL AVE,60646,FOREST GLEN,12,45,17031120200,170311000000000.0,41.99786001,-87.7634458,436770.88132731995,4649820.487358221
195,195,HARBOR MARKET,44759.0,16473.0,4200.0,B,155 N HARBOR DR,60601,LOOP,32,42,17031320100,170313000000000.0,41.88475054,-87.61560396,448925.11172291887,4637163.524551014
196,196,HAREER FOOD & LIQUOR,52337.0,17625.0,2500.0,B,5452 S HALSTED ST,60609,NEW CITY,61,20,17031612100,170316000000000.0,41.7945591,-87.64531343,446384.96904960123,4627167.994688025
197,197,HARPER FOODS,57683.0,18537.0,3300.0,B,1455 E 57TH ST,60637,HYDE PARK,41,5,17031411100,170314000000000.0,41.79141057,-87.58953263,451017.06361281977,4626785.14149395
198,198,HARVESTIME FOODS,43697.0,16317.0,8750.0,B,2632 W LAWRENCE AVE,60625,LINCOLN SQUARE,4,40,17031040201,170310000000000.0,41.96867023,-87.69516275,442399.8539834036,4646531.395904631
199,199,Hegewisch Fruit Market Inc.,2020869.0,350864.0,7800.0,B,13209 S BALTIMORE AVE,60633,HEGEWISCH,55,10,17031550100,170316000000000.0,41.65518859,-87.54699942,454454.91202596,4611637.928514832
200,200,HILLTOP LIQUORS MART,788.0,148.0,3200.0,B,10259 S MICHIGAN AVE,60628,ROSELAND,49,9,17031490800,170315000000000.0,41.70724797,-87.62005636,448413.5785926395,4617458.855304783
201,201,HOA NOM CO,8425.0,62866.0,4200.0,B,1101 W ARGYLE ST,60640,UPTOWN,3,48,17031031200,170310000000000.0,41.9731613,-87.65783318,445496.7656137423,4647005.611331031
202,202,HOLLYWOOD TOWER MKT,1858.0,62539.0,3000.0,B,5701 N SHERIDAN RD,60660,EDGEWATER,77,48,17031030604,170310000000000.0,41.98563842,-87.65509432,445734.28168749507,4648389.196968582
203,203,HONG KONG MARKET,1892499.0,64229.0,46300.0,A,520 W 24TH PL,60616,ARMOUR SQUARE,34,25,17031841100,170318000000000.0,41.84823717,-87.64095553,446791.4933205309,4633124.954360727
204,204,"HYDE PARK PRODUCE, LTD",1884100.0,325993.0,10000.0,A,1226 E 53RD ST,60615,HYDE PARK,41,4,17031410700,170314000000000.0,41.7995768,-87.59551292,450526.45307173586,4627695.226143231
205,205,IMPERIAL TOWER MARKET,22624.0,9323.0,6031.0,B,4250 N MARINE DR,60613,UPTOWN,3,46,17031031400,170310000000000.0,41.96001995,-87.64690603,446391.09686935146,4645539.6468847105
206,206,INTERNATIONAL FOODS NW INC,1129.0,215.0,14000.0,A,4404 W FULLERTON AVE,60639,HERMOSA,20,31,17031200200,170312000000000.0,41.92447264,-87.73678951,438908.52825850336,4641653.016539156
207,207,INTERNATIONAL SUPERMARKET INC,16712.0,6917.0,7500.0,B,4556 S ASHLAND AVE,60609,NEW CITY,61,3,17031610400,170316000000000.0,41.81056568,-87.66517052,444748.9128087913,4628957.7137682615
208,208,J & A ORIENTAL FOOD MART,30859.0,8995.0,10001.0,A,5755 W FULLERTON AVE,60639,BELMONT CRAGIN,19,37,17031191302,170312000000000.0,41.92379935,-87.77063324,436101.6623271966,4641602.928736945
209,209,J & J EUROPEAN DELI,21936.0,63361.0,3000.0,B,5960 W LAWRENCE AVE,60630,PORTAGE PARK,15,45,17031150401,170312000000000.0,41.9677648,-87.7770202,435616.32277350203,4646489.14220265
210,210,J AND P FINER FOODS,1567.0,299.0,4500.0,B,3501 W MONTROSE AVE,60618,IRVING PARK,16,33,17031160501,170312000000000.0,41.96098859,-87.71564632,440695.48593251954,4645692.485166024
211,211,J K & S FOOD & LIQUOR,1000978.0,32337.0,3024.0,B,503 W 59TH ST,60621,ENGLEWOOD,68,20,17031834600,170318000000000.0,41.78703907,-87.63781273,447001.9641743479,4626328.428393014
212,212,J R GROCERY STORE,5644.0,3466.0,10001.0,A,505 E 134TH ST,60827,RIVERDALE,54,9,17031540101,170315000000000.0,41.65176106,-87.60936661,449259.2605088032,4611292.246859249
213,213,JAMAICA FOOD & LIQUOR INC,22679.0,9341.0,2500.0,B,4252 S COTTAGE GROVE AVE,60653,GRAND BOULEVARD,38,4,17031380100,170314000000000.0,41.81702977,-87.60685792,449597.61972238,4629639.548088536
214,214,JARDAN FOOD & LIQUOR,11226.0,5270.0,9500.0,B,317 E GARFIELD BLVD,60637,WASHINGTON PARK,40,3,17031400400,170314000000000.0,41.79432493,-87.61852061,448610.83705931064,4627125.632354155
215,215,JERUSALEM LIQUORS,440.0,80.0,4500.0,B,3133 W LAWRENCE AVE,60625,ALBANY PARK,14,33,17031140800,170311000000000.0,41.9683547,-87.70739432,441386.07101587416,4646504.658854732
216,216,JEWEL FOOD  STORE # 3345,1142451.0,259.0,60271.0,A,1224 S WABASH AVE,60605,NEAR SOUTH SIDE,33,2,17031330100,170313000000000.0,41.86672435,-87.62596115,448051.20849907625,4635168.344585409
217,217,JEWEL FOOD STORE,1953613.0,259.0,62603.0,A,11730 S MARSHFIELD AVE,60643,MORGAN PARK,75,34,17031750500,170318000000000.0,41.68033221,-87.66258468,444852.22641930025,4614497.035547997
218,218,JEWEL FOOD STORE #3030,1000572.0,259.0,31951.0,A,7530 S STONY ISLAND AVE,60649,SOUTH SHORE,43,5,17031834200,170318000000000.0,41.75780566,-87.58626826,451262.8630620301,4623052.298035176
219,219,JEWEL FOOD STORE #3043,1144384.0,259.0,37641.0,A,443 E 34TH ST,60616,DOUGLAS,35,4,17031351000,170314000000000.0,41.83304474,-87.61461136,448966.3762848451,4631422.205372694
220,220,JEWEL FOOD STORE #3057,1400.0,259.0,21785.0,A,6057 S WESTERN AVE,60636,CHICAGO LAWN,66,16,17031835000,170318000000000.0,41.78306114,-87.68359887,443193.90968425374,4625916.013210491
221,221,JEWEL FOOD STORE #3092,1411.0,259.0,10001.0,A,1655 E 95TH ST,60617,SOUTH DEERING,51,7,17031510300,170315000000000.0,41.7222632,-87.58291763,451514.6808179466,4619104.323360366
222,222,JEWEL FOOD STORE #3114,1388.0,259.0,20860.0,A,3128 W 103RD ST,60655,MOUNT GREENWOOD,74,19,17031740100,170317000000000.0,41.70631284,-87.69976712,441781.0584708487,4617405.855055087
223,223,JEWEL FOOD STORE #3139,1356.0,259.0,22295.0,A,3940 E 106TH ST,60617,EAST SIDE,52,10,17031520400,170315000000000.0,41.7028061,-87.52770401,456093.9585718851,4616914.497743823
224,224,JEWEL FOOD STORE #3170,1366.0,259.0,30374.0,A,5320 S PULASKI RD,60632,WEST ELSDON,62,23,17031620200,170316000000000.0,41.79619759,-87.72339188,439899.4208561112,4627401.552402036
225,225,JEWEL FOOD STORE #3176,1404.0,259.0,32294.0,A,9400 S ASHLAND AVE,60620,WASHINGTON HEIGHTS,73,21,17031730300,170317000000000.0,41.72294122,-87.66286287,444865.62957265996,4619227.714455518
226,226,JEWEL FOOD STORE #3181,1368.0,259.0,30745.0,A,87 W 87TH ST,60620,CHATHAM,44,21,17031842400,170318000000000.0,41.73614513,-87.62691784,447866.0864358219,4620671.272541469
227,227,JEWEL FOOD STORE #3210,1333.0,259.0,23845.0,A,1210 N CLARK ST,60610,NEAR NORTH SIDE,8,42,17031080202,170311000000000.0,41.90426523,-87.63160329,447613.6367773607,4639339.838300704
228,228,JEWEL FOOD STORE #3224,1144401.0,259.0,29299.0,A,6430 W IRVING PARK RD,60634,DUNNING,17,38,17031170100,170312000000000.0,41.95301023,-87.78770716,434715.74091768777,4644859.0409355825
229,229,JEWEL FOOD STORE #3241,1398.0,259.0,24262.0,A,1341 N PAULINA ST,60622,WEST TOWN,24,1,17031241500,170312000000000.0,41.9062437,-87.66986228,444442.06791882677,4639583.575980875
230,230,JEWEL FOOD STORE #3282,1337.0,259.0,24922.0,A,4729 N CENTRAL AVE,60630,PORTAGE PARK,15,45,17031150300,170312000000000.0,41.96679711,-87.76729948,436420.8211414296,4646374.440871873
231,231,JEWEL FOOD STORE #3296,1392.0,259.0,29421.0,A,7342 W FOSTER AVE,60656,NORWOOD PARK,10,41,17031100500,170311000000000.0,41.97454295,-87.81134688,432779.1334674581,4647268.082909047
232,232,JEWEL FOOD STORE #3302,1402.0,259.0,25431.0,A,3644 S ARCHER AVE,60609,MCKINLEY PARK,59,11,17031590500,170316000000000.0,41.8275839,-87.68245444,443328.25681530224,4630858.438561778
233,233,JEWEL FOOD STORE #3344,1192905.0,259.0,63407.0,A,1220 S ASHLAND AVE,60608,NEAR WEST SIDE,28,2,17031842900,170318000000000.0,41.86625418,-87.66652414,444684.45015395695,4635141.485351422
234,234,JEWEL FOOD STORE #3349,1353385.0,259.0,64285.0,A,2520 N NARRAGANSETT AVE,60639,BELMONT CRAGIN,19,36,17031831500,170318000000000.0,41.92629696,-87.78569482,434855.33983340336,4641891.568208035
235,235,JEWEL FOOD STORE #3368,1226337.0,259.0,31600.0,A,550 N STATE ST,60610,NEAR NORTH SIDE,8,42,17031081600,170311000000000.0,41.89242137,-87.62823487,447883.39267859573,4638022.791628202
236,236,JEWEL FOOD STORE #3407,1394.0,259.0,19238.0,A,5516 N CLARK ST,60640,EDGEWATER,77,40,17031030900,170310000000000.0,41.98218988,-87.66865163,444608.2490891451,4648014.9869114235
237,237,JEWEL FOOD STORE #3441,1375.0,259.0,22443.0,A,2940 N ASHLAND AVE,60657,LAKE VIEW,6,32,17031062600,170311000000000.0,41.93547203,-87.66865454,444567.53805103793,4642827.960506506
238,238,JEWEL FOOD STORE #3442,1406.0,259.0,29060.0,A,4042 W FOSTER AVE,60630,NORTH PARK,13,39,17031130200,170311000000000.0,41.97562411,-87.72984456,439532.7356397868,4647327.379152837
239,239,JEWEL FOOD STORE #3443,1323.0,259.0,25356.0,A,5343 N BROADWAY,60640,EDGEWATER,77,48,17031030703,170310000000000.0,41.97942825,-87.65980585,445338.6828948469,4647702.682382723
240,240,JEWEL FOOD STORE #3454,1325.0,259.0,25490.0,A,4250 N LINCOLN AVE,60618,NORTH CENTER,5,47,17031050200,170311000000000.0,41.95910043,-87.68239224,443449.54218208574,4645460.363860798
241,241,JEWEL FOOD STORE #3455,1380.0,259.0,23660.0,A,4355 N SHERIDAN RD,60613,UPTOWN,3,46,17031032100,170310000000000.0,41.96139778,-87.65459297,445755.24894299137,4645697.463505055
242,242,JEWEL FOOD STORE #3470,1382.0,259.0,24815.0,A,3570 N ELSTON AVE,60618,AVONDALE,21,35,17031831100,170318000000000.0,41.9460576,-87.70823011,441296.3599597829,4644029.6085191555
243,243,JEWEL FOOD STORE #3477,1372.0,259.0,17676.0,A,4734 N CUMBERLAND AVE,60656,OHARE,76,36,17031760802,170318000000000.0,41.9660114,-87.83683117,430658.46976462705,4646341.141367753
244,244,JEWEL FOOD STORE #3501,1192909.0,259.0,56010.0,A,3400 N WESTERN AVE,60618,NORTH CENTER,5,47,17031843700,170318000000000.0,41.94318737,-87.68830202,442945.60356960626,4643697.474023875
245,245,JEWEL FOOD STORE #3514,1385.0,259.0,20285.0,A,3531 N BROADWAY,60657,LAKE VIEW,6,46,17031061800,170311000000000.0,41.94638465,-87.64652486,446411.2649547197,4644025.499256408
246,246,JEWEL FOOD STORE #3721,1225534.0,259.0,49513.0,A,6107 S ARCHER AVE,60638,GARFIELD RIDGE,56,23,17031560800,170316000000000.0,41.79435485,-87.77052715,435981.48865918914,4627230.98949075
247,247,JEWEL FOOD STORES #3262,1409.0,259.0,35000.0,A,4660 W IRVING PARK RD,60641,PORTAGE PARK,15,45,17031831700,170318000000000.0,41.95355444,-87.74505531,438251.22076345433,4644887.851732405
248,248,JEWEL-OSCO #3632,2037181.0,259.0,62349.0,A,3630 N SOUTHPORT AVE,60613,LAKE VIEW,6,44,17031060400,170311000000000.0,41.94800455,-87.66418623,444948.7492574958,4644216.547737224
249,249,JOE'S FOOD & LIQUOR,822.0,154.0,3500.0,B,3626 W LAWRENCE AVE,60625,ALBANY PARK,14,39,17031140301,170311000000000.0,41.96844525,-87.71941658,440389.99967703526,4646523.007554847
250,250,JOE'S FOOD AND LIQUOR DEPOT,1575140.0,286898.0,4000.0,B,5834 W FULLERTON AVE,60639,BELMONT CRAGIN,19,30,17031190602,170312000000000.0,41.92399183,-87.77228911,435964.5547930214,4641625.534770656
251,251,JOLANTA'S INTERNATIONAL DELI,26376.0,10856.0,10001.0,A,5914 W HIGGINS AVE,60630,JEFFERSON PARK,11,45,17031110400,170311000000000.0,41.9727915,-87.77637186,435675.10165246483,4647046.766328856
252,252,JOSEPH FOOD MART,6157.0,62754.0,3000.0,B,8235 W IRVING PARK RD,60634,DUNNING,17,36,17031170500,170312000000000.0,41.95201856,-87.83316684,430947.0006867271,4644784.567110842
253,253,K & K FOOD & LIQUOR,62092.0,23937.0,4200.0,B,1130 W 51ST ST,60609,NEW CITY,61,16,17031611000,170316000000000.0,41.80157684,-87.65378847,445686.75369602477,4627952.464809358
254,254,K BUENA,1999075.0,65396.0,3500.0,B,4322 W MARQUETTE RD,60629,WEST LAWN,65,13,17031650301,170317000000000.0,41.77138332,-87.73095337,439247.7780290653,4624651.846297345
255,255,KAMDAR PLAZA INC,4429.0,3241.0,5500.0,B,2646 W DEVON AVE,60659,WEST RIDGE,2,50,17031020602,170310000000000.0,41.9977219,-87.6966411,442303.5922431927,4649757.979429871
256,256,"Kan-Zaman Mart, Inc.",1119908.0,209575.0,4600.0,B,2005 S MICHIGAN AVE,60616,NEAR SOUTH SIDE,33,2,17031330100,170313000000000.0,41.85531767,-87.62372652,448227.4626723172,4633900.546953206
257,257,KAPS FOODS,57817.0,18562.0,4100.0,B,3557 S CALIFORNIA AVE,60632,BRIGHTON PARK,58,12,17031580100,170316000000000.0,41.82838364,-87.69462017,442318.71485054336,4630955.327784702
258,258,KEY FOOD LIQUOR,17551.0,7109.0,3800.0,B,13355 S INDIANA AVE,60827,RIVERDALE,54,9,17031540101,170315000000000.0,41.65197282,-87.61708374,448616.83214182145,4611320.33131911
259,259,KHALIL FOOD & LIQUOR,46846.0,16717.0,3000.0,B,146 W 103RD ST,60628,ROSELAND,49,9,17031490700,170315000000000.0,41.70721814,-87.62775156,447773.33931820537,4617460.1820113575
260,260,KING FOOD & LIQUOR,40321.0,2926.0,3750.0,B,6858 S HALSTED ST,60621,ENGLEWOOD,68,6,17031681100,170317000000000.0,41.7689263,-87.644656,446418.2578050427,4624321.6934676515
261,261,KOL TUV KOSHER FOODS INC,12952.0,6158.0,3000.0,B,2938 W DEVON AVE,60659,WEST RIDGE,2,50,17031020601,170310000000000.0,41.99760128,-87.70361267,441726.0886055084,4649749.308193671
262,262,KORDIAN'S MARKET,28114.0,11448.0,4610.0,B,6332 W HIGGINS AVE,60630,JEFFERSON PARK,11,45,17031110300,170311000000000.0,41.97598405,-87.78656131,434834.122706921,4647408.934724659
263,263,"KRAKUS DELI,  INC",1222467.0,229704.0,3500.0,B,5155 W ADDISON ST,60641,PORTAGE PARK,15,38,17031151001,170312000000000.0,41.9458951,-87.75664585,437283.10664258216,4644045.860202645
264,264,LA CASA DEL PUEBLO INC,31675.0,14392.0,10001.0,A,1810 S BLUE ISLAND AVE,60608,LOWER WEST SIDE,31,25,17031310600,170313000000000.0,41.85745275,-87.66168833,445078.250212127,4634161.184593074
265,265,LA CIENEGA SUPER FOOD INC,65173.0,20310.0,10000.0,A,10736 S EWING AVE,60617,EAST SIDE,52,10,17031520300,170315000000000.0,41.69981485,-87.53542689,455449.33325833996,4616586.364551071
266,266,LA FERIA GROCERY,26609.0,11067.0,10001.0,A,9704 S COMMERCIAL AVE,60617,SOUTH DEERING,51,10,17031510100,170315000000000.0,41.71891216,-87.5511743,454152.6212857162,4618714.885901908
267,267,LA GUERRERENSE,67114.0,43885.0,3000.0,B,4149 W ARMITAGE AVE,60639,HERMOSA,20,30,17031831200,170318000000000.0,41.917,-87.73098926,439382.391122907,4640819.226055527
268,268,LA INTERNATIONAL,57700.0,18542.0,3000.0,B,4301 S ARCHER AVE,60632,BRIGHTON PARK,58,14,17031580502,170316000000000.0,41.81530069,-87.7020416,441690.5686962899,4629507.785948884
269,269,LA JALISCIENCE,4749.0,23661.0,3000.0,B,3239 W 26TH ST,60623,SOUTH LAWNDALE,30,22,17031840800,170318000000000.0,41.84438799,-87.7064971,441347.0631195162,4632740.278949822
270,270,"LA LOMA ""CARNICERIA Y TAQUERIA""",49880.0,17241.0,4501.0,B,2535 N LARAMIE AVE,60639,BELMONT CRAGIN,19,31,17031190800,170312000000000.0,41.92703609,-87.75610618,437309.37287613284,4641951.575356245
271,271,LA MERCED INC,6834.0,3685.0,10001.0,A,4335 W 26TH ST,60623,SOUTH LAWNDALE,30,22,17031301801,170313000000000.0,41.8440328,-87.73243286,439193.54566917894,4632718.881668355
272,272,"LA NUEVA IMAGEN GROCERY, INC.",1804216.0,315282.0,3000.0,B,2459 S MILLARD AVE,60623,SOUTH LAWNDALE,30,22,17031300600,170313000000000.0,41.8462971,-87.71591643,440566.83933367196,4632958.717235753
273,273,LA PERLA TAPATIA BAKERY,1698.0,85292.0,3000.0,B,4214 W NORTH AVE,60639,HUMBOLDT PARK,23,30,17031230500,170312000000000.0,41.90991975,-87.73197126,439294.2495612138,4640033.81374063
274,274,LA PLAMA,22662.0,63389.0,15000.0,A,4173 S ARCHER AVE,60632,BRIGHTON PARK,58,14,17031580501,170316000000000.0,41.81757931,-87.69832059,442001.68164302176,4629758.254129077
275,275,LA PROVIDENCIA FOOD MART,16986.0,6991.0,2572.0,B,1658 W 21ST ST,60608,LOWER WEST SIDE,31,25,17031310800,170313000000000.0,41.85421937,-87.66845816,444513.541016666,4633806.545218194
276,276,"LA UNICA FOOD MART, INC.",491.0,90.0,5000.0,B,1515 W DEVON AVE,60660,EDGEWATER,77,40,17031030200,170310000000000.0,41.99799346,-87.66842789,444640.47779405065,4649769.504706548
277,277,LAKE VIEW FOODS INC,2055.0,408.0,3100.0,B,4106 N SHERIDAN RD,60613,UPTOWN,3,46,17031032100,170310000000000.0,41.9570403,-87.65476289,445737.4716749446,4645213.765292457
278,278,L'APPETITO,42672.0,16220.0,2900.0,B,875 N MICHIGAN AVE,60611,NEAR NORTH SIDE,8,42,17031081300,170311000000000.0,41.89894854,-87.62397499,448242.0513114617,4638744.9083477575
279,279,LARAMIE BAKERY & DELI,2014141.0,350093.0,12331.0,A,3232 N HARLEM AVE,60634,DUNNING,17,36,17031170800,170312000000000.0,41.93898597,-87.80692906,433107.98420620203,4643316.763806087
280,280,"LATIN GROCERY & LIQUOR, INC",20046.0,8064.0,10001.0,A,3800 W NORTH AVE,60647,HUMBOLDT PARK,23,30,17031230400,170312000000000.0,41.91004942,-87.72145808,440166.28127307416,4640040.823259486
281,281,LAWNDALE FOOD MARKET,39529.0,15829.0,6000.0,B,3705 W 16TH ST,60623,NORTH LAWNDALE,29,24,17031292200,170313000000000.0,41.85883397,-87.71786719,440416.52801601373,4634351.999291274
282,282,Laxi Liquor,47780.0,11112.0,3200.0,B,6922 W GRAND AVE,60707,MONTCLARE,18,36,17031831600,170318000000000.0,41.9236807,-87.79867613,433776.3028074061,4641611.033033569
283,283,LEMEN SUN CORP.,28022.0,11427.0,3600.0,B,2832 S WENTWORTH AVE,60616,ARMOUR SQUARE,34,11,17031340400,170313000000000.0,41.84160448,-87.6319155,447536.5304777153,4632382.987823057
284,284,LINDO MICHOACAN,42744.0,86194.0,8600.0,B,3142 W LAWRENCE AVE,60625,ALBANY PARK,14,33,17031140100,170311000000000.0,41.96857277,-87.7077877,441353.67584195244,4646529.140182051
285,285,LOGAN CERTIFIED FOODS CORP,1046303.0,23391.0,4500.0,B,2857 W DIVERSEY AVE,60647,LOGAN SQUARE,22,35,17031220400,170312000000000.0,41.93197047,-87.69993162,441971.43725073355,4642459.884777183
286,286,LORETO GROCERY,76774.0,22681.0,4499.0,B,4600 S FAIRFIELD AVE,60632,BRIGHTON PARK,58,12,17031842800,170318000000000.0,41.81000148,-87.69318135,442421.7321845279,4628913.460916384
287,287,LOS CUATRO HERMANOS GROCERY,7790.0,62837.0,10001.0,A,1858 S ALLPORT ST,60608,LOWER WEST SIDE,31,25,17031310600,170313000000000.0,41.85620222,-87.65774497,445404.4965399772,4634019.827228869
288,288,LOS POTRILLOS,1650212.0,299177.0,7000.0,B,3624 W BELMONT AVE,60618,AVONDALE,21,35,17031831100,170318000000000.0,41.93930952,-87.71853994,440435.51710901794,4643287.490990629
289,289,LOS SAUCES GROCERY,1223250.0,230035.0,2800.0,B,5852 W DIVERSEY AVE,60639,BELMONT CRAGIN,19,30,17031190402,170312000000000.0,41.9312882,-87.77324145,435892.89481320593,4642436.351525491
290,290,LUCIANO'S GROCERY-18TH ST,1380524.0,265429.0,6000.0,B,1714 W 18TH ST,60608,LOWER WEST SIDE,31,25,17031310800,170313000000000.0,41.85785657,-87.6694196,444436.8828189046,4634210.993876256
291,291,LUX 2 FOOD & LIQUOR,1869021.0,322813.0,2500.0,B,7550 S MAY ST,60620,AUBURN GRESHAM,71,17,17031710200,170317000000000.0,41.7561627,-87.6528196,445728.9695050535,4622909.732386404
292,292,M & D VARIETY STORE,18355.0,7524.0,4500.0,B,1300 W 111TH ST,60643,MORGAN PARK,75,34,17031750100,170318000000000.0,41.69231963,-87.65466321,445521.80575814605,4615822.7639829265
293,293,M & J LIQUOR & GROCERY,15168.0,6639.0,2900.0,B,3654 W LAWRENCE AVE,60625,ALBANY PARK,14,39,17031140301,170311000000000.0,41.96843458,-87.72048101,440301.7919283911,4646522.5640368
294,294,MACIAS PRODUCE INC.,1648017.0,297549.0,7000.0,B,8933 S COMMERCIAL AVE,60617,SOUTH CHICAGO,46,10,17031833900,170318000000000.0,41.73273359,-87.55117278,454162.57133081346,4620249.396972154
295,295,MAKOLA AFRICAN SUPERMARKET #2,2008279.0,279945.0,3500.0,B,4501 N SHERIDAN RD,60640,UPTOWN,3,46,17031031502,170310000000000.0,41.96365028,-87.65462219,445754.7379689888,4645947.57452907
296,296,MANDY'S LIQUOR,17168.0,7030.0,3000.0,B,1957 W LAWRENCE AVE,60640,LINCOLN SQUARE,4,47,17031830800,170318000000000.0,41.96865614,-87.67843848,443785.5948039312,4646518.722600596
297,297,MARIO 'S BUTCHER SHOP FD CNTR,4248.0,85432.0,10001.0,A,5817 W MADISON ST,60644,AUSTIN,25,29,17031252101,170313000000000.0,41.88004498,-87.77049338,436069.6302225481,4636744.8636918515
298,298,MARKET IN THE PARK,1334026.0,258947.0,5049.0,B,5050 S LAKE SHORE DR,60615,KENWOOD,39,4,17031390700,170314000000000.0,41.80287978,-87.58184369,451664.5398966075,4628054.164254112
299,299,MA'S & PA'S GROCERY SNACK SHOP,7302.0,3806.0,4500.0,B,804 S CALIFORNIA AVE,60612,EAST GARFIELD PARK,27,2,17031271800,170313000000000.0,41.87087764,-87.69616688,442228.5194777269,4635674.340826375
300,300,MAYFAIR MARKET PLACE,1948869.0,340165.0,12000.0,A,4728 N PULASKI RD,60630,ALBANY PARK,14,39,140500,170311000000000.0,41.96726667,-87.72814705,439665.4880797091,4646398.2622098
301,301,MAYFLOWER FOOD,1168793.0,17975.0,6000.0,B,2104 S ARCHER AVE,60616,ARMOUR SQUARE,34,25,17031841100,170318000000000.0,41.8542653,-87.63218951,447524.12803426734,4633788.843276494
302,302,MEHRAB ZABIHA MEAT & TOBACCO,1094121.0,207539.0,3000.0,B,2445 W DEVON AVE,60659,WEST RIDGE,2,50,17031020802,170310000000000.0,41.99759202,-87.69166812,442715.34374882374,4649740.219919248
303,303,MELISSA'S FOOD & LIQUORS INC,29494.0,11681.0,3500.0,B,3867 W GRAND AVE,60651,HUMBOLDT PARK,23,27,17031230700,170312000000000.0,41.90505945,-87.72395138,439954.8243398112,4639488.539249996
304,304,MI MEXICO GROCERY,1494240.0,277614.0,2600.0,B,2601 W 59TH ST,60629,CHICAGO LAWN,66,16,17031835000,170318000000000.0,41.78637634,-87.68877651,442766.6013258842,4626287.518762068
305,305,MIARA'S CONT'L PASTRY DELI INC,10400.0,4623.0,5000.0,B,7051 W ADDISON ST,60634,DUNNING,17,36,17031171000,170312000000000.0,41.94523382,-87.80292664,433446.2723319597,4644007.340023133
306,306,MICELI'S DELI & FOOD MART,44924.0,16493.0,4000.0,B,2448 S OAKLEY AVE,60608,LOWER WEST SIDE,31,25,17031841300,170318000000000.0,41.84702046,-87.68319955,443283.5443778707,4633016.904420384
307,307,MICHAELS FRESH MARKET,2043177.0,354856.0,41000.0,A,1300 E 47TH ST,60653,KENWOOD,39,4,17031390100,170314000000000.0,41.80977273,-87.59496089,450580.1491863285,4628826.91884873
308,308,MID TOWN FOODS,39968.0,15264.0,3520.0,B,3855 W DIVISION ST,60651,HUMBOLDT PARK,23,27,17031231200,170312000000000.0,41.90258387,-87.72361925,439980.05328407505,4639213.4483112395
309,309,MINI MERCADO LA BETANIA,33473.0,3205.0,2640.0,B,2800 S TRIPP AVE,60623,SOUTH LAWNDALE,30,22,17031301803,170313000000000.0,41.84039654,-87.73067501,439336.0484819548,4632313.916358809
310,310,MLB FOOD,1884977.0,326392.0,2500.0,B,613 E 67TH ST,60637,WOODLAWN,42,20,17031421200,170314000000000.0,41.7729559,-87.61005781,449297.1323070008,4624748.104280553
311,311,MOO & OINK INC,11915.0,5928.0,21500.0,A,4848 W MADISON ST,60644,AUSTIN,25,28,17031251800,170313000000000.0,41.88058389,-87.74705294,438015.0921403346,4636787.501475825
312,312,"MORELIA SUPERMARKET #2, INC.",1648410.0,298039.0,12000.0,A,4833 W DIVERSEY AVE,60639,BELMONT CRAGIN,19,31,17031190800,170312000000000.0,41.93140629,-87.74793697,437990.93807089655,4642430.851260105
313,313,"MORELIA SUPERMARKET, INC.",1892862.0,243702.0,8000.0,B,7300 N WESTERN AVE,60645,WEST RIDGE,2,50,17031020200,170310000000000.0,42.01418398,-87.69037835,442837.0183499404,4651581.559674315
314,314,MORGAN FOOD CORP LLC,1270949.0,250439.0,3500.0,B,6600 S MORGAN ST,60621,ENGLEWOOD,68,17,17031681000,170317000000000.0,41.77412895,-87.649646,446007.86585935164,4624902.439469874
315,315,MOROLEON FOODS #2 INC.,1801622.0,314329.0,3025.0,B,4257 S ROCKWELL ST,60632,BRIGHTON PARK,58,12,17031580700,170316000000000.0,41.81577112,-87.6893859,442742.13640476763,4629551.50551397
316,316,MORSE FOOD AND MEAT MARKET,1518304.0,280735.0,17000.0,A,1430 W MORSE AVE,60626,ROGERS PARK,1,49,17031010600,170310000000000.0,42.00799492,-87.66717415,444752.9658730137,4650879.153755759
317,317,MOUNSEF INTERNATIONAL,21126.0,86704.0,10001.0,A,4738 N KEDZIE AVE,60625,ALBANY PARK,14,33,17031140701,170311000000000.0,41.96779309,-87.7086027,441285.42986608285,4646443.131224613
318,318,MR G'S FOOD & LIQUOR,1429.0,263.0,3000.0,B,332 E 58TH ST,60637,WASHINGTON PARK,40,20,17031400400,170314000000000.0,41.78942986,-87.61784034,448663.45157497656,4626581.7482734565
319,319,MUNCHIES ON LARRABEE,2073925.0,210118.0,2500.0,B,1012 N LARRABEE ST,60610,NEAR NORTH SIDE,8,27,17031842200,170318000000000.0,41.90084859,-87.64325554,446644.3299330185,4638967.678326927
320,320,Municipal Foods,1478386.0,273724.0,9980.0,B,2559 W DIVISION ST,60622,WEST TOWN,24,26,17031242500,170312000000000.0,41.90285923,-87.69188858,442612.1832514333,4639222.306584315
321,321,NANCE FOOD MART,4756.0,3277.0,4500.0,B,10935 S WENTWORTH AVE,60628,ROSELAND,49,34,17031491000,170315000000000.0,41.69515316,-87.62782024,447757.8620484732,4616120.723657563
322,322,NANCY FOODS INC,79959.0,23327.0,2500.0,B,12315 S STATE ST,60628,WEST PULLMAN,53,9,17031530600,170315000000000.0,41.6702524,-87.62227196,448199.4573723997,4613352.90523347
323,323,NATIONAL FRUIT STOP,23627.0,9531.0,3000.0,B,3523 W LAWRENCE AVE,60625,ALBANY PARK,14,33,17031140701,170311000000000.0,41.96825564,-87.71687738,440600.21953944763,4646500.191700054
324,324,Natural Country Deli,2017781.0,350688.0,3500.0,B,6452 N MILWAUKEE AVE,60631,NORWOOD PARK,10,41,17031100200,170311000000000.0,41.99849297,-87.78909537,434647.20185578207,4649910.024095437
325,325,NAYAB MART,1444872.0,269649.0,3125.0,B,2449 W DEVON AVE,60659,WEST RIDGE,2,50,17031020802,170310000000000.0,41.99758912,-87.69183691,442701.3617360875,4649740.010870848
326,326,NEIL'S FOOD,1998505.0,221849.0,3500.0,B,7749 S HALSTED ST,60620,AUBURN GRESHAM,71,17,17031710100,170317000000000.0,41.75283042,-87.64395052,446463.519478626,4622534.20944346
327,327,NEW LA ESTRELLA FOODS INC.,2003267.0,348383.0,5800.0,B,3003 W 63RD ST,60629,CHICAGO LAWN,66,15,17031660600,170317000000000.0,41.77893156,-87.69841709,441958.8071882077,4625467.420494812
328,328,NEW POP-IN,1719179.0,306063.0,8784.0,B,413 S KEDZIE AVE,60612,EAST GARFIELD PARK,27,28,17031271200,170313000000000.0,41.87542375,-87.70582036,441431.5708891764,4636185.625372986
329,329,NICKEL LIQUOR & MINI MART INC,22084.0,9178.0,10001.0,A,3637 W DIVISION ST,60651,HUMBOLDT PARK,23,27,17031231200,170312000000000.0,41.90263376,-87.71793124,440451.8887233926,4639215.02337737
330,330,NOOR MEAT,61680.0,19506.0,3000.0,B,2505 W DEVON AVE,60659,WEST RIDGE,2,50,17031020802,170310000000000.0,41.99757381,-87.6925486,442642.404876925,4649738.787502628
331,331,NORTHWEST FOOD & LIQUOR,1119636.0,209419.0,3180.0,B,5170 W NORTH AVE,60639,AUSTIN,25,37,17031250200,170313000000000.0,41.9096149,-87.75547797,437344.42151237593,4640016.871377738
332,332,"OGIES FOOD, INC",26972.0,11210.0,10001.0,A,2600 W LITHUANIAN PLAZA CT,60629,CHICAGO LAWN,66,15,17031660900,170317000000000.0,41.76836584,-87.68830091,442790.11792223004,4624287.579121288
333,333,OHIO FOOD MART,1225367.0,243092.0,3500.0,B,5345 W OHIO ST,60644,AUSTIN,25,37,17031251500,170313000000000.0,41.89104929,-87.75973284,436973.2886821278,4637958.686639565
334,334,OLD WORLD MARKET,7507.0,3851.0,10001.0,A,5129 N BROADWAY,60640,UPTOWN,3,48,17031031200,170310000000000.0,41.9754754,-87.65969701,445344.32017011417,4647263.731292318
335,335,OLIVE MOUNT MART,1337266.0,205718.0,3000.0,B,3536 W 63RD ST,60629,CHICAGO LAWN,66,15,17031660400,170317000000000.0,41.77894012,-87.71186857,440840.93868773617,4625477.537747437
336,336,ONE STOP,2032029.0,352811.0,2500.0,B,4401 W MADISON ST,60624,WEST GARFIELD PARK,26,28,17031260500,170313000000000.0,41.88049945,-87.73559596,438965.6318619364,4636769.914692247
337,337,ONE STOP FOOD & LIQUOR STORE,1094.0,205.0,58000.0,A,4301 S LAKE PARK AVE,60653,KENWOOD,39,4,17031390100,170314000000000.0,41.81686515,-87.59868884,450275.9747638634,4629616.5114929285
338,338,ORIENTAL ASIA MARKET INC.,1903198.0,330517.0,7500.0,B,4932 N SHERIDAN RD,60640,UPTOWN,3,46,17031031200,170310000000000.0,41.97255593,-87.65505767,445726.2108899639,4646936.635524258
339,339,ORLEANS MARKET,23467.0,9485.0,3002.0,B,316 W ILLINOIS ST,60610,NEAR NORTH SIDE,8,42,17031081800,170311000000000.0,41.89086429,-87.63632919,447210.6263866737,4637854.861272132
340,340,OSAMA FOOD MART,2031620.0,352625.0,2800.0,B,615 E 67TH ST,60637,WOODLAWN,42,20,17031421200,170314000000000.0,41.77295752,-87.6099734,449304.1490558847,4624748.234379773
341,341,OUTLET KINGDOM,2054475.0,356046.0,4000.0,B,3449 S HALSTED ST,60608,BRIDGEPORT,60,11,17031839700,170318000000000.0,41.83107494,-87.64597111,446360.7977208743,4631222.611997378
342,342,P & I FOOD & LIQUOR INC.,16647.0,6907.0,3000.0,B,4154 W DIVISION ST,60651,HUMBOLDT PARK,23,37,17031230600,170312000000000.0,41.90270681,-87.73101807,439366.4781444452,4639232.30132072
343,343,PAR BIRDIE FOODS,28222.0,11464.0,6000.0,B,2234 W DEVON AVE,60659,WEST RIDGE,2,50,17031020500,170310000000000.0,41.99790097,-87.68637822,443153.7351878258,4649770.9970102385
344,344,"PARK FOODS OF 71ST STREET,INC.",1677517.0,300221.0,3500.0,B,2612 W 71ST ST,60629,CHICAGO LAWN,66,18,17031660900,170317000000000.0,41.76471714,-87.68875098,442749.4655443457,4623882.780928532
345,345,"PARK PACKING OF CHICAGO, INC.",2008956.0,340517.0,3500.0,B,1544 W 41ST ST,60609,NEW CITY,61,11,17031842600,170318000000000.0,41.81915944,-87.66423536,444833.96473715437,4629911.244308267
346,346,PARKSHORE MARKET LTD,26464.0,10858.0,2860.0,B,195 N HARBOR DR,60601,LOOP,32,42,17031320100,170313000000000.0,41.88617728,-87.6155996,448926.6096594753,4637321.9290451
347,347,PATEL BROS,25338.0,88729.0,5000.0,B,2610 W DEVON AVE,60659,WEST RIDGE,2,50,17031020602,170310000000000.0,41.9977473,-87.69525116,442418.731588633,4649759.863933788
348,348,PAULINA MARKET,1680919.0,301699.0,10000.0,A,3501 N LINCOLN AVE,60657,LAKE VIEW,6,32,17031831900,,41.94525416,-87.67238979,444266.3972607036,4643916.4775804095
349,349,PAULINA SUPER MARKET INC,4851.0,3286.0,7000.0,B,7622 N PAULINA ST,60626,ROGERS PARK,1,49,17031010100,170310000000000.0,42.02008732,-87.67323456,444261.67537013325,4652225.700628996
350,350,PEORIA PACKING LTD,33970.0,14795.0,8000.0,B,1300 W LAKE ST,60607,NEAR WEST SIDE,28,27,17031833000,170318000000000.0,41.88558042,-87.65895691,445328.9370151174,4637282.375614217
351,351,PERSONAL LIQUORS INC,8913.0,4189.0,6000.0,B,4241 W MADISON ST,60624,WEST GARFIELD PARK,26,28,17031260600,170313000000000.0,41.8805392,-87.73221604,439246.11195263156,4636771.929773278
352,352,PETERSON FOOD MART,1272746.0,251347.0,2500.0,B,2534 W PETERSON AVE,60659,WEST RIDGE,2,50,17031020802,170310000000000.0,41.99058521,-87.69353452,442554.4660072243,4648963.507176818
353,353,PETE'S FRESH MARKET,1598145.0,292834.0,50000.0,A,3448 E 118TH ST,60617,HEGEWISCH,55,10,17031550100,170316000000000.0,41.68105956,-87.53936754,455108.32580344885,4614506.218891583
354,354,PETE'S FRESH SUPERMARKET,1771242.0,312119.0,75000.0,A,2526 W CERMAK RD,60608,SOUTH LAWNDALE,30,28,17031840700,170318000000000.0,41.85210065,-87.68905111,442802.2947998412,4633584.822813979
355,355,PETE'S MARKET,36823.0,15303.0,10001.0,A,5724 S KEDZIE AVE,60629,GAGE PARK,63,14,17031630900,170316000000000.0,41.78911255,-87.70357973,441539.01785590895,4626601.268340519
356,356,PETE'S MEAT & GROCERY #2,1646096.0,296662.0,7500.0,B,2001 W 71ST ST,60636,WEST ENGLEWOOD,67,17,17031672000,170317000000000.0,41.76469612,-87.67359278,444009.4369625117,4623870.468979253
357,357,PETE'S PRODUCE,1476553.0,273114.0,5000.0,B,1543 E 87TH ST,60619,CALUMET HEIGHTS,48,8,17031480200,170315000000000.0,41.73679546,-87.58627251,451246.6187194439,4620719.651625724
358,358,PETE'S PRODUCE,1448266.0,271341.0,10000.0,A,1411 W 87TH ST,60620,AUBURN GRESHAM,71,21,17031711400,170317000000000.0,41.73574485,-87.65871771,445221.28670408844,4620646.583550307
359,359,POLONIA FOOD MART,6455.0,3630.0,10001.0,A,1956 W ARMITAGE AVE,60622,LOGAN SQUARE,22,32,17031832300,170318000000000.0,41.91787072,-87.67748062,443820.40108900506,4640879.4627390625
360,360,POTASH BROS INC,19826.0,8018.0,10001.0,A,875 N STATE ST,60610,NEAR NORTH SIDE,8,42,17031081201,170311000000000.0,41.8988782,-87.62811115,447898.90372993064,4638739.602332429
361,361,POTASH BROS. SUPERMARKET,164.0,21.0,12000.0,A,1525 N CLARK ST,60610,NEAR NORTH SIDE,8,42,17031080201,170311000000000.0,41.91011794,-87.63149089,447627.7427375715,4639989.582904026
362,362,PRESTIGE LIQUORS,1883995.0,325934.0,2900.0,B,7104 S WESTERN AVE,60636,CHICAGO LAWN,66,18,17031661000,170317000000000.0,41.7644956,-87.68338427,443195.36533787433,4623854.626274342
363,363,PUERTO RICO FOOD & LIQUORS,2033049.0,353309.0,2500.0,B,2559 W AUGUSTA BLVD,60622,WEST TOWN,24,26,17031242500,170312000000000.0,41.89922158,-87.69173812,442621.40672291437,4638818.325721649
364,364,QUALITY FOOD ON 71 ST INC,76481.0,22614.0,3000.0,B,2557 W 71ST ST,60629,CHICAGO LAWN,66,18,17031661000,170317000000000.0,41.76451168,-87.68798666,442812.8154236914,4623859.461252098
365,365,QUICK STOP FOOD MART,39791.0,3604.0,3000.0,B,2751 W PRATT BLVD,60645,WEST RIDGE,2,50,17031020601,170310000000000.0,42.00475007,-87.69942278,442079.58415129955,4650540.193316576
366,366,QUINTESSENCE,2033012.0,350756.0,3000.0,B,1532 N PULASKI RD,60651,HUMBOLDT PARK,23,30,17031230600,170312000000000.0,41.90910776,-87.72663415,439736.119156406,4639939.896403496
367,367,"R & S DISCOUNT FOOD, WINE, & LIQUOR",8647.0,4130.0,2800.0,B,2425 W DIVERSEY AVE,60647,LOGAN SQUARE,22,1,17031830900,170318000000000.0,41.93204685,-87.68897869,442879.5732170897,4642461.009696978
368,368,RAINBOW FINER FOOD & LIQUOR,9138.0,4236.0,3500.0,B,6316 S ASHLAND AVE,60636,WEST ENGLEWOOD,67,16,17031671200,170317000000000.0,41.77892241,-87.66435268,444789.69803276716,4625443.9727117475
369,369,RAINBOW GROCERY,61801.0,19562.0,2500.0,B,2003 W 69TH ST,60636,WEST ENGLEWOOD,67,17,17031671500,170317000000000.0,41.76832833,-87.67381938,443993.7601680958,4624273.883221143
370,370,"RICH'S DELI & LIQUOR, INC",16735.0,6920.0,3400.0,B,857 N WESTERN AVE,60622,WEST TOWN,24,32,17031242400,170312000000000.0,41.89746098,-87.68673856,443034.5495788246,4638619.518513214
371,371,RICHWELL MARKET,1070189.0,205927.0,7500.0,B,1835 S CANAL ST,60616,LOWER WEST SIDE,31,25,17031843200,170318000000000.0,41.85665718,-87.63875335,446981.25966108567,4634058.438317041
372,372,RIGO'S GROCERY,1144306.0,215370.0,2500.0,B,2858 S LAWNDALE AVE,60623,SOUTH LAWNDALE,30,22,17031301702,170313000000000.0,41.83893675,-87.71723055,440450.9208489057,4632142.431912387
373,373,"RIO GRANDE FRUIT MARKET, INC.",1042285.0,201574.0,3750.0,B,3501 W NORTH AVE,60647,HUMBOLDT PARK,23,26,17031230800,170312000000000.0,41.90991071,-87.71438551,440752.71532539534,4640020.512889063
374,374,RITE PRICE FOOD,1198136.0,222688.0,3600.0,B,5606 W DIVISION ST,60651,AUSTIN,25,29,17031250600,170313000000000.0,41.90225069,-87.76595092,436468.54204017494,4639206.940856324
375,375,RIVERSIDE DELI,6403.0,3619.0,5500.0,B,1656 W CORTLAND ST,60622,LOGAN SQUARE,22,32,17031832300,170318000000000.0,41.91618612,-87.67013494,444428.0773693723,4640687.638866376
376,376,RIVIERA FOODS,39650.0,89265.0,3500.0,B,3218 N HARLEM AVE,60634,DUNNING,17,36,17031170800,170312000000000.0,41.93859128,-87.8069148,433108.7538593977,4643272.930712624
377,377,RJ Liquors,1597198.0,292263.0,3550.0,B,5640 W FULLERTON AVE,60639,BELMONT CRAGIN,19,30,17031190602,170312000000000.0,41.92406442,-87.76766049,436348.41767046356,4641630.148022353
378,378,RODRIGUEZ FRUITS & VEGETABLE,18231.0,7487.0,2626.0,B,2458 S ST LOUIS AVE,60623,SOUTH LAWNDALE,30,22,17031300700,170313000000000.0,41.84632986,-87.7125514,440846.225225842,4632960.031094694
379,379,ROMAN BROS 1 INC,11900.0,5925.0,10001.0,A,6978 N CLARK ST,60626,ROGERS PARK,1,49,17031010702,170310000000000.0,42.00885647,-87.67408037,444181.8301750876,4650979.291479263
380,380,ROSE-RIDGE FOODS,1145417.0,216010.0,3000.0,B,10500 S MICHIGAN AVE,60628,ROSELAND,49,9,17031490902,170315000000000.0,41.70341522,-87.62080968,448347.83769449446,4617033.780133184
381,381,ROYLA BLUE FOODS,27007.0,63611.0,2500.0,B,4359 S CAMPBELL AVE,60632,BRIGHTON PARK,58,12,17031580700,170316000000000.0,41.81393768,-87.68692201,442945.1519704626,4629346.306911494
382,382,"S & K FOOD & LIQUOR, INC.",1544.0,291.0,10001.0,A,7500 S EXCHANGE AVE,60649,SOUTH SHORE,43,7,17031431302,170314000000000.0,41.75899276,-87.56037781,453416.030057856,4623169.751528411
383,383,S & T PROVISION CO INC,12173.0,6018.0,10001.0,A,3804 W 111TH ST,60655,MOUNT GREENWOOD,74,19,17031740300,170317000000000.0,41.69144591,-87.7156731,440443.99771383795,4615766.145121416
384,384,S L PANTRY & GRILL,2013420.0,17935.0,2600.0,B,4759 N SHERIDAN RD,60640,UPTOWN,3,46,17031031501,170310000000000.0,41.96904667,-87.65467406,445755.01734513184,4646546.762838767
385,385,S. S. FOOD & LIQUOR,1476109.0,272992.0,2703.0,B,2427 N CLARK ST,60614,LINCOLN PARK,7,43,17031070101,170311000000000.0,41.9263717,-87.64080008,446869.1715841456,4641799.931297791
386,386,SAFAH FOOD & LIQUOR INC,14103.0,6462.0,3000.0,B,7105 S RACINE AVE,60636,ENGLEWOOD,68,17,17031681400,170317000000000.0,41.7648964,-87.65396483,445641.13300370466,4623880.114517678
387,387,SAHAR INTERNATIONAL SUPERMARKET,2079006.0,263556.0,7900.0,B,4851 N KEDZIE AVE,60625,ALBANY PARK,14,33,17031140100,170311000000000.0,41.96995754,-87.70837288,441306.4595379445,4646683.2907349495
388,388,SAM FOOD AND LIQUOR,8745.0,4153.0,3000.0,B,6812 N SHERIDAN RD,60626,ROGERS PARK,1,49,17031010502,170310000000000.0,42.00594482,-87.66117475,445248.00511915854,4650647.677379698
389,389,SANABEL GROCERY & BAKERY,2009055.0,349374.0,6200.0,B,4213 N KEDZIE AVE,60618,IRVING PARK,16,33,17031160601,170312000000000.0,41.9579834,-87.70799592,441326.70900829474,4645353.555412924
390,390,SAVE-A-LOT   #856,1222884.0,216203.0,12000.0,A,5555 W NORTH AVE,60639,AUSTIN,25,37,17031250700,170313000000000.0,41.90927457,-87.76518779,436538.79589455156,4639986.22381502
391,391,SAVE-A-LOT  # 858,1272454.0,216203.0,12000.0,A,2858 E 83RD ST,60617,SOUTH CHICAGO,46,7,17031460302,170315000000000.0,41.74473084,-87.55403914,453932.7678661321,4621582.914446913
392,392,SAVE-A-LOT  #851,1167119.0,216203.0,114100.0,A,10700 S HALSTED ST,60628,MORGAN PARK,75,34,17031750100,170318000000000.0,41.69954741,-87.64275192,446519.0028689965,4616617.754217389
393,393,SAVE-A-LOT  #852,1145759.0,216203.0,14166.0,A,7240 S STONY ISLAND AVE,60649,SOUTH SHORE,43,5,17031430400,170314000000000.0,41.76302237,-87.58639016,451256.6768099758,4623631.551461558
394,394,SAVE-A-LOT  #859,1272455.0,216203.0,12000.0,A,420 S PULASKI RD,60624,WEST GARFIELD PARK,26,24,17031260700,170313000000000.0,41.87453731,-87.7255969,439789.6889636433,4636100.890694222
395,395,SAVE-A-LOT  #862,1353496.0,216203.0,14800.0,A,4701 S COTTAGE GROVE AVE,60615,KENWOOD,39,4,17031390400,170314000000000.0,41.80948925,-87.60641743,449628.29761510267,4628802.096833977
396,396,SAVE-A-LOT # 854,1245433.0,216203.0,15000.0,A,7908 S HALSTED ST,60620,AUBURN GRESHAM,71,17,17031710800,170317000000000.0,41.75032239,-87.64418241,446442.15606519964,4622255.90023145
397,397,SAVE-A-LOT #860,1196076.0,216203.0,12500.0,A,4439 W 63RD ST,60629,WEST LAWN,65,13,17031650301,170317000000000.0,41.77841597,-87.73405757,438996.43919778283,4625434.847175687
398,398,Save-A-Lot #882,2079367.0,216203.0,16290.0,A,344 E 63RD ST,60637,WASHINGTON PARK,40,20,17031400800,170314000000000.0,41.78032161,-87.61713538,448714.7699627282,4625570.080700231
399,399,Save-A-Lot #886,2079232.0,216203.0,13000.0,A,148 W 79TH ST,60620,GREATER GRAND CROSSING,69,17,17031691200,170317000000000.0,41.75098379,-87.62896145,447708.18078144663,4622319.969112207
400,400,SAVEWAY FOOD,1594450.0,290756.0,3000.0,B,313 E 43RD ST,60653,GRAND BOULEVARD,38,3,17031835800,170318000000000.0,41.81648632,-87.61919683,448572.37747751083,4629586.522264432
401,401,SERRELLI'S FOODS,6981.0,62794.0,4000.0,B,6454 W NORTH AVE,60707,AUSTIN,25,36,17031250500,170313000000000.0,41.9092299,-87.78712882,434719.0501913485,4639997.730965052
402,402,SEVEN ELEVEN,34710.0,14901.0,3000.0,B,1425 W MONTROSE AVE,60613,LAKE VIEW,6,47,17031060100,170311000000000.0,41.96152382,-87.66603986,444806.7746123286,4645718.767622331
403,403,"SEVEN NINE ELEVEN FOOD MART, INC.",2036.0,401.0,4300.0,B,4884 S ARCHER AVE,60632,ARCHER HEIGHTS,57,14,17031570400,170316000000000.0,41.80462115,-87.71990707,440196.7782179221,4628334.355454903
404,404,SHOP & SAVE MARKET,1991275.0,338404.0,63426.0,A,5829 S ARCHER AVE,60638,GARFIELD RIDGE,56,23,17031560700,170316000000000.0,41.79601962,-87.75968337,436884.07249759155,4627407.803379687
405,405,SHOP WISE FOOD,1334440.0,259101.0,6000.0,B,316 W 103RD ST,60628,ROSELAND,49,9,17031490700,170315000000000.0,41.70717395,-87.63140242,447469.5637197134,4617457.4965585545
406,406,SOLID GOLD,1490386.0,203033.0,3300.0,B,3821 W ROOSEVELT RD,60624,NORTH LAWNDALE,29,24,17031838700,170318000000000.0,41.86611949,-87.72092757,440169.30499417393,4635163.018039899
407,407,SOUTH SHORE FOOD MARKET INC.,2008403.0,349092.0,3000.0,B,7501 S JEFFERY BLVD,60649,SOUTH SHORE,43,8,17031431200,170314000000000.0,41.75878729,-87.57599348,452117.7493402476,4623155.513260589
408,408,STANLEY'S,15042.0,6609.0,10001.0,A,1558 N ELSTON AVE,60622,WEST TOWN,24,32,17031842300,170318000000000.0,41.91057467,-87.66223523,445078.3648079335,4640059.522346252
409,409,STEVE FOOD & LIQUOR,47965.0,11529.0,3500.0,B,6058 S RACINE AVE,60636,WEST ENGLEWOOD,67,16,17031670900,170317000000000.0,41.78333418,-87.65474328,445592.0092995979,4625927.6661055405
410,410,STOP & GO FOOD MART,26776.0,11123.0,3250.0,B,1622 W MONTEREY AVE,60643,MORGAN PARK,75,34,17031750600,170318000000000.0,41.68957477,-87.66272315,444848.591213464,4615523.271019422
411,411,STRACK & VAN TIL,1798602.0,308026.0,65400.0,A,2627 N ELSTON AVE,60647,LOGAN SQUARE,22,1,17031830900,170318000000000.0,41.92948927,-87.68368782,443315.95539293275,4642173.5343364235
412,412,SUN LIQUORS,19461.0,88712.0,4350.0,B,1101 W GRANVILLE AVE,60660,EDGEWATER,77,48,17031030102,170310000000000.0,41.99446571,-87.65839281,445468.5794244411,4649371.380943547
413,413,SUNRISE FOOD AND LIQUORS,21927.0,9067.0,7000.0,B,3737 W CHICAGO AVE,60651,HUMBOLDT PARK,23,27,17031231500,170312000000000.0,41.89531476,-87.72019984,440256.899914229,4638403.988062938
414,414,"SUPER DOLLAR AND UP 4, INC.",1597521.0,291475.0,4000.0,B,1604 W 59TH ST,60636,WEST ENGLEWOOD,67,15,670300,170317000000000.0,41.78685263,-87.66461558,444774.65450461453,4626324.597815468
415,415,SUPER DOLLAR DISCOUNT,2032403.0,353027.0,3500.0,B,4801 S ASHLAND AVE,60609,NEW CITY,61,20,17031611200,170316000000000.0,41.80669392,-87.66477165,444778.7196465505,4628527.591582251
416,416,"SUPER FOOD & LIQUORS, INC.",40429.0,15748.0,4000.0,B,1049 W BRYN MAWR AVE,60660,EDGEWATER,77,48,17031030701,170310000000000.0,41.98356392,-87.65714629,445562.5361216456,4648160.168880712
417,417,SUPER FURNITURE & FOOD MART,2060727.0,357170.0,4000.0,B,5257 S ASHLAND AVE,60609,NEW CITY,61,16,17031611900,170316000000000.0,41.79782259,-87.66453688,444790.60749917664,4627542.494036563
418,418,SUPER JIM'S,37540.0,33441.0,4500.0,B,5147 W DIVISION ST,60651,AUSTIN,25,37,17031251100,170313000000000.0,41.90214722,-87.75523939,437356.9088868119,4639187.575195658
419,419,SUPER MAS MARKET,1997806.0,347422.0,32000.0,A,1422 W 47TH ST,60609,NEW CITY,61,3,17031842600,170318000000000.0,41.80876546,-87.66117011,445079.6629408589,4628755.278394781
420,420,SUPER MERCADO EL GUERRO,7546.0,3857.0,9375.0,B,1701 W 47TH ST,60609,NEW CITY,61,20,17031611300,170316000000000.0,41.80847124,-87.66745451,444557.39106176584,4628726.647487138
421,421,SUPER MERCADO LA CHIQUITA,6054.0,3546.0,9500.0,B,3555 W 26TH ST,60623,SOUTH LAWNDALE,30,22,17031301600,170313000000000.0,41.84427912,-87.71455377,440678.0997126785,4632733.725252117
422,422,SUPERIOR NUT & CANDY  CO.I INC.,1122087.0,26728.0,10005.0,A,1111 W 40TH ST,60609,NEW CITY,61,11,17031842600,170318000000000.0,41.82095749,-87.65377832,445703.9645120424,4630104.213851602
423,423,SUPERMARKET & TAQUERIA CARO,2014104.0,310507.0,4524.0,B,4937 W 47TH ST,60638,GARFIELD RIDGE,56,23,17031560300,170316000000000.0,41.80746088,-87.74706057,437943.8442803218,4628668.889926389
424,424,SUPERMERCADO ALEX,1772307.0,4076.0,9375.0,B,4134 W 31ST ST,60623,SOUTH LAWNDALE,30,22,17031301803,170313000000000.0,41.83694724,-87.72814236,439543.0753958118,4631929.166220346
425,425,SUPERMERCADO CHAPALA,32236.0,86830.0,10001.0,A,7117 N CLARK ST,60626,ROGERS PARK,1,49,17031010702,170310000000000.0,42.0119758,-87.67438406,444159.4107645747,4651325.828245124
426,426,SUPERMERCADO EL CUBANO INC,57265.0,6678.0,2750.0,B,4939 S ASHLAND AVE,60609,NEW CITY,61,20,17031611200,170316000000000.0,41.80378232,-87.66469533,444782.5597060254,4628204.279590057
427,427,SUPERMERCADO EL GUERO #10 INC,39978.0,10046.0,10001.0,A,4023 S ARCHER AVE,60632,BRIGHTON PARK,58,12,17031580600,170316000000000.0,41.82058304,-87.69342617,442410.8757768414,4630088.454829586
428,428,SUPERMERCADO EL GUERO NO. 8,20973.0,8662.0,14000.0,A,2101 W CERMAK RD,60608,LOWER WEST SIDE,31,25,17031841300,170318000000000.0,41.85202569,-87.67841224,443685.3588658528,4633569.468227761
429,429,SUPERMERCADO EL MEXICANO,1840895.0,295467.0,4387.0,B,6701 N CLARK ST,60626,ROGERS PARK,1,49,17031830600,170318000000000.0,42.00358497,-87.67235193,444320.36039916094,4650392.872581063
430,430,SUPERMERCADO GELA'S,67273.0,20695.0,3125.0,B,2701 S LAWNDALE AVE,60623,SOUTH LAWNDALE,30,22,17031301701,170313000000000.0,41.84242453,-87.71703032,440470.7778047871,4632529.529801501
431,431,SUPERMERCADO GUADALAJARA #2,3991.0,23651.0,6000.0,B,2300 S KEDZIE AVE,60623,SOUTH LAWNDALE,30,24,17031300800,170313000000000.0,41.84985753,-87.70534348,441447.82355220657,4633346.75717561
432,432,SUPERMERCADO GUERRERO,2042000.0,354339.0,3800.0,B,3100 W CERMAK RD,60623,SOUTH LAWNDALE,30,24,17031841700,170318000000000.0,41.85190837,-87.70287599,441654.52007781,4633572.775943384
433,433,SUPERMERCADO LA CHIQUTIA # 4,49303.0,89325.0,10001.0,A,2623 S PULASKI RD,60623,SOUTH LAWNDALE,30,22,17031301701,170313000000000.0,41.84353489,-87.72438218,439861.4489910698,4632657.931480389
434,434,SUPERMERCADO LA VILLA,1800261.0,313811.0,9000.0,B,5020 W FULLERTON AVE,60639,BELMONT CRAGIN,19,31,17031190800,170312000000000.0,41.92427271,-87.75211504,437637.59892146115,4641641.85119631
435,435,Supermercado Santos,1091886.0,206261.0,4000.0,B,4045 W 31ST ST,60623,SOUTH LAWNDALE,30,22,17031830500,170318000000000.0,41.83674996,-87.72613266,439709.7544716686,4631905.85026983
436,436,SUPERMERCADO TEPECOA GUERRERO,1493584.0,277252.0,3500.0,B,3629 W 63RD ST,60629,WEST LAWN,65,13,17031650302,170317000000000.0,41.77868472,-87.71425166,440642.6580523699,4625450.824089909
437,437,"SWEQI FOOD MART, INC.",2055024.0,356315.0,2600.0,B,4100 W NORTH AVE,60639,HUMBOLDT PARK,23,30,17031230500,170312000000000.0,41.90996088,-87.72887496,439551.0800395681,4640036.193487354
438,438,"SZYMANSKI BROS, INC",18082.0,86677.0,3000.0,B,6016 W IRVING RD,60634,PORTAGE PARK,15,38,17031150502,170312000000000.0,41.95314974,-87.77751749,435560.3943035874,4644866.818351108
439,439,T & Z MEAT,1974575.0,343806.0,3000.0,B,3021 N CICERO AVE,60641,BELMONT CRAGIN,19,31,17031190100,170312000000000.0,41.93581593,-87.7466187,438104.49552811607,4642919.494578693
440,440,TAI NAM CORPORATION,34508.0,88874.0,10001.0,A,4925 N BROADWAY,60640,UPTOWN,3,48,17031031200,170310000000000.0,41.97221356,-87.6596091,445348.81531297514,4646901.516056725
441,441,TAI WAH GROCERY,28038.0,63654.0,3200.0,B,2226 S WENTWORTH AVE,60616,ARMOUR SQUARE,34,25,17031841100,170318000000000.0,41.8521272,-87.632144,447526.1583104407,4633551.429234894
442,442,THE CELLAR,1574603.0,286737.0,5000.0,B,3106 N HARLEM AVE,60634,DUNNING,17,36,17031170900,170312000000000.0,41.93661313,-87.80684752,433112.2642204794,4643053.246594587
443,443,THE FISH KEG INC,4908.0,3299.0,4000.0,B,2233 W HOWARD ST,60645,WEST RIDGE,2,49,17031020100,170310000000000.0,42.01939474,-87.6860205,443202.48398376984,4652157.2092559
444,444,THE MARKET PLACE FOODSTORE,10794.0,24875.0,16900.0,A,521 W DIVERSEY PKWY,60614,LINCOLN PARK,7,43,17031070102,170311000000000.0,41.93274396,-87.64221885,446756.8350477697,4642508.3120083
445,445,THE NEIGHBORHOOD STORE,47617.0,16859.0,4200.0,B,8313 S RACINE AVE,60620,AUBURN GRESHAM,71,21,17031711000,170317000000000.0,41.74278773,-87.65338425,445670.75307688426,4621425.135502835
446,446,THE PRODUCE CENTER,44723.0,16464.0,12000.0,A,5820 N MILWAUKEE AVE,60646,NORWOOD PARK,10,45,17031100100,170311000000000.0,41.98726964,-87.7785157,435512.08597890806,4648655.879350102
447,447,The Unit,2021618.0,351168.0,3500.0,B,2523 E 75TH ST,60649,SOUTH SHORE,43,7,17031431302,170314000000000.0,41.75892232,-87.56287604,453208.301486128,4623163.286797058
448,448,THE WAREHOUSE,1843355.0,315225.0,6000.0,B,538 W 119TH ST,60628,WEST PULLMAN,53,34,17031530200,170315000000000.0,41.677986,-87.63620086,447046.2816348254,4614219.990839819
449,449,THREE BROTHER,6321.0,62766.0,10001.0,A,900 N FRANCISCO AVE,60622,WEST TOWN,24,26,17031242700,170312000000000.0,41.89810682,-87.69937838,441986.6475091836,4638699.694730679
450,450,THREE R FOOD,1943396.0,339315.0,3000.0,B,2712 W MONTROSE AVE,60618,ALBANY PARK,14,33,17031140800,170311000000000.0,41.96137095,-87.69666935,442268.42995562183,4645721.978027355
451,451,"THREE ROOSTERS, INC.",1980803.0,345267.0,4830.0,B,12247 S HALSTED ST,60628,WEST PULLMAN,53,34,17031530501,170315000000000.0,41.67097177,-87.64153305,446596.66263522976,4613444.535944665
452,452,Three Stars Liquors,1488855.0,274865.0,4600.0,B,310 N KOSTNER AVE,60624,WEST GARFIELD PARK,26,28,17031260400,170313000000000.0,41.88582299,-87.73578781,438954.780702729,4637361.110807522
453,453,THRIFTY FOOD,1045545.0,28478.0,4000.0,B,928 W WILSON AVE,60640,UPTOWN,3,46,17031031501,170310000000000.0,41.9655577,-87.65355928,445844.43148193404,4646158.680898962
454,454,TIERRA CALIENTE MARKET,1769425.0,311388.0,3125.0,B,1402 N ASHLAND AVE,60622,WEST TOWN,24,1,17031241500,170312000000000.0,41.90710182,-87.66773966,444618.85886354686,4639677.478537833
455,455,"TONY'S FINER FOODS ENTERPRISES, INC.",1717867.0,305203.0,21000.0,A,3607 W FULLERTON AVE,60647,LOGAN SQUARE,22,35,17031220902,170312000000000.0,41.92449009,-87.71728813,440525.52399856097,4641641.243717928
456,456,"TONY'S FINER FOODS ENTERPRISES, INC.",1717529.0,305203.0,31000.0,A,4137 N ELSTON AVE,60618,IRVING PARK,16,39,17031160400,170312000000000.0,41.9561262,-87.72248283,440124.4010310369,4645157.373329556
457,457,"TONY'S FINER FOODS ENTERPRISES, INC.",1717532.0,305203.0,33000.0,A,4608 W BELMONT AVE,60641,PORTAGE PARK,15,30,17031151002,170312000000000.0,41.93899382,-87.74269899,438432.5019356515,4643269.5086685335
458,458,"TONY'S FINER FOODS ENTERPRISES, INC.",1717568.0,305203.0,35000.0,A,2500 N CENTRAL AVE,60639,BELMONT CRAGIN,19,30,17031190602,170312000000000.0,41.92589288,-87.76620483,436470.9301960056,4641832.07953802
459,459,TRADER JOE'S,1991799.0,211718.0,15000.0,A,3745 N LINCOLN AVE,60613,NORTH CENTER,5,47,17031050600,170311000000000.0,41.94996117,-87.67567113,443998.5292254811,4644441.229342578
460,460,TRADER JOE'S EAST,1592120.0,211718.0,10615.0,A,44 E ONTARIO ST,60611,NEAR NORTH SIDE,8,42,17031081500,170311000000000.0,41.89340802,-87.62643774,448033.27771855536,4638131.246835697
461,461,TRADER JOE'S EAST,1277005.0,211718.0,11600.0,A,1840 N CLYBOURN AVE,60614,LINCOLN PARK,7,32,17031832600,170318000000000.0,41.91442371,-87.65462784,445712.53763233934,4640482.029904806
462,462,TRATTORIA ISABELLA,1842843.0,320408.0,3365.0,B,217 N JEFFERSON ST,60661,NEAR WEST SIDE,28,42,17031280100,170313000000000.0,41.88629367,-87.64264392,446682.9594556193,4637351.301456312
463,463,TREASURE ISLAND FOODS,1319.0,85291.0,10001.0,A,680 N LAKE SHORE DR,60611,NEAR NORTH SIDE,8,42,17031081401,170311000000000.0,41.89479837,-87.61586665,448911.3228638001,4638279.26519956
464,464,TREASURE ISLAND FOODS,1307.0,85291.0,10001.0,A,1639 N WELLS ST,60614,LINCOLN PARK,7,43,17031071500,170311000000000.0,41.9123118,-87.63459886,447371.7865314627,4640235.064849332
465,465,TREASURE ISLAND FOODS,1315.0,85291.0,10001.0,A,2121 N CLYBOURN AVE,60614,LINCOLN PARK,7,43,17031832500,170318000000000.0,41.91989968,-87.66180554,445121.98904888786,4641094.584312346
466,466,TREASURE ISLAND FOODS,1311.0,85291.0,10001.0,A,3460 N BROADWAY,60657,LAKE VIEW,6,44,17031062000,170311000000000.0,41.94482827,-87.64589349,446462.29572427704,4643852.302124815
467,467,TREASURE ISLAND FOODS INC,1303.0,85291.0,10001.0,A,75 W ELM ST,60610,NEAR NORTH SIDE,8,42,17031081000,170311000000000.0,41.90302614,-87.63134877,447633.7348355999,4639202.109602778
468,468,TWO BLUE FOODS INC,66710.0,20549.0,3000.0,B,702 E 100TH PL,60628,PULLMAN,50,8,17031500100,170315000000000.0,41.71240379,-87.60512759,449659.62453893636,4618022.438973359
469,469,ULTRA FOODS,1741082.0,308026.0,87600.0,A,3250 W 87TH ST,60652,ASHBURN,70,18,17031700402,170317000000000.0,41.73527409,-87.70351128,441495.8244989663,4620623.797971518
470,470,VIET HOA PLAZA,10540.0,85532.0,6174.0,B,1051 W ARGYLE ST,60640,UPTOWN,3,48,17031031200,170310000000000.0,41.97317401,-87.65699233,445566.4433299187,4647006.487877559
471,471,W & R FOOD & LIQUOR INC,19348.0,7922.0,2700.0,B,1717 E 79TH ST,60649,SOUTH CHICAGO,46,8,17031460500,170315000000000.0,41.7514187,-87.58220582,451595.78140481946,4622340.894094207
472,472,W K R B FOOD & LIQUOR,25165.0,10242.0,4340.0,B,9361 S COTTAGE GROVE AVE,60619,CHATHAM,44,8,17031440800,170314000000000.0,41.72386029,-87.60436472,449732.0151412981,4619293.940558956
473,473,WALLY'S INTERNATIONAL MARKET,32288.0,14504.0,10001.0,A,3256 N MILWAUKEE AVE,60618,AVONDALE,21,31,17031831100,170318000000000.0,41.94017781,-87.72585843,439829.65297943,4643389.007257586
474,474,WALLY'S MARKET INC,72825.0,21938.0,33000.0,A,6601 W IRVING PARK RD,60634,DUNNING,17,38,17031170300,170312000000000.0,41.95272166,-87.79136221,434412.5169905197,4644829.792149255
475,475,WASHINGTON GROCERY,6249.0,23967.0,4200.0,B,4139 W FIFTH AVE,60624,WEST GARFIELD PARK,26,24,17031261000,170313000000000.0,41.87186361,-87.72905737,439500.0152001339,4635806.47021369
476,476,"WAY LOW DISCOUNT FOOD, INC.",41036.0,16053.0,2500.0,B,1551 S KEDZIE AVE,60623,NORTH LAWNDALE,29,24,17031843100,170318000000000.0,41.85984596,-87.70533855,441457.34167785186,4634455.738596938
477,477,WEST HAVEN MARKET & GRILL,17558.0,7111.0,3200.0,B,2132 W WASHINGTON BLVD,60612,NEAR WEST SIDE,28,2,17031837800,170318000000000.0,41.88319447,-87.68046649,443542.26430071803,4637031.397239915
478,478,WEST LAWN FOODS,1591726.0,289367.0,17000.0,A,5838 S PULASKI RD,60629,WEST ELSDON,62,13,17031620300,170316000000000.0,41.78660841,-87.72313003,439912.22165246925,4626336.72323389
479,479,WHOLE FOODS MARKET,54059.0,86298.0,4501.0,B,3300 N ASHLAND AVE,60657,LAKE VIEW,6,44,17031062500,170311000000000.0,41.94156586,-87.6688604,444555.75027351035,4643504.682093911
480,480,WHOLE FOODS MARKET,1678035.0,86298.0,6335.0,B,6020 N CICERO AVE,60646,FOREST GLEN,12,39,17031120200,170311000000000.0,41.99049477,-87.74847741,438003.4329526672,4648991.781779772
481,481,WHOLE FOODS MARKET,1678043.0,86298.0,11310.0,A,1101 S CANAL ST,60607,NEAR WEST SIDE,28,2,17031841900,170318000000000.0,41.86888971,-87.63909893,446962.6842029966,4635416.791898281
482,482,WHOLE FOODS MARKET,1678048.0,86298.0,19740.0,A,3640 N HALSTED ST,60613,LAKE VIEW,6,44,17031061000,170311000000000.0,41.9485198,-87.64967012,446152.35849118885,4644264.533197081
483,483,WHOLE FOODS MARKET,76395.0,86298.0,30591.0,A,30 W HURON ST,60610,NEAR NORTH SIDE,8,42,17031081600,170311000000000.0,41.89496867,-87.62939918,447788.8788572032,4638306.319827106
484,484,WHOLE FOODS MARKET,1933690.0,86298.0,74883.0,A,1550 N KINGSBURY ST,60642,NEAR NORTH SIDE,8,32,17031842200,170318000000000.0,41.90939879,-87.6530507,445839.0809453316,4639923.12650506
485,485,WILLIAM'S PRODUCE,2079521.0,359604.0,6375.0,B,6309 W GRAND AVE,60639,BELMONT CRAGIN,19,29,17031191301,170312000000000.0,41.92189423,-87.78339752,435041.3524017411,4641400.996939766
486,486,WINDY CITY INC,24289.0,9833.0,4225.0,B,324 S CICERO AVE,60644,AUSTIN,25,24,17031252202,170313000000000.0,41.87594436,-87.74525023,438160.19589088345,4636271.085613946
487,487,WORLD FRESH MARKET,1492163.0,21515.0,5500.0,B,2434 W DEVON AVE,60659,WEST RIDGE,2,50,17031020602,170310000000000.0,41.99781793,-87.69125189,442750.0189362834,4649765.024241141
488,488,Z & S FOOD & LIQUOR,7382.0,3827.0,6000.0,B,1351 W 87TH ST,60620,AUBURN GRESHAM,71,21,17031711400,170317000000000.0,41.73575698,-87.65782823,445295.2661476105,4620647.364510095
489,489,ZEE DOLLAR AND FOOD,2014197.0,350114.0,3000.0,B,375 E 75TH ST,60619,GREATER GRAND CROSSING,69,6,17031691300,170317000000000.0,41.75829332,-87.61535411,448845.302319294,4623123.327373553
490,490,ZIAD CERTIFIED FOODS,9046.0,4213.0,2500.0,B,513 E 47TH ST,60653,GRAND BOULEVARD,38,3,17031381200,170314000000000.0,41.80932287,-87.61333552,449053.5168279866,4628787.702381046
491,491,WALGREENS # 05192,1144217.0,147.0,,A,2924 E 92ND ST,60617,SOUTH CHICAGO,46,7,17031461000,170315000000000.0,41.72833654,-87.55286024,454019.10085533804,4619762.118082594
492,492,WALGREENS #232,18449.0,147.0,,A,3405 S DR MARTIN LUTHER KING JR DR,60616,DOUGLAS,35,4,17031351000,170314000000000.0,41.8326245,-87.6168411,448780.89650066465,4631376.874785817
493,493,WALGREENS #162,18419.0,147.0,,A,1554 E 55TH ST,60615,HYDE PARK,41,4,17031410800,170314000000000.0,41.79529732,-87.58782256,451162.1001095036,4627215.696805818
494,494,WALGREENS #2073,18619.0,7551.0,,A,5401 S WENTWORTH AVE,60609,FULLER PARK,37,3,17031835600,170318000000000.0,41.79623488,-87.63040492,447624.9922820882,4627344.858314067
495,495,WALGREENS #2923,18551.0,147.0,,A,6330 S DR MARTIN LUTHER KING JR DR,60637,GREATER GRAND CROSSING,69,20,17031842500,170318000000000.0,41.77929761,-87.61574988,448829.0943260383,4625455.565407618
496,496,WALGREENS #11410,1959845.0,7551.0,,A,1627 N PULASKI RD,60639,HUMBOLDT PARK,23,30,17031230400,170312000000000.0,41.91071448,-87.72621042,439772.7718923611,4640117.989753164
497,497,WALGREENS #226,18468.0,147.0,,A,4005 W 26TH ST,60623,SOUTH LAWNDALE,30,22,17031301802,170313000000000.0,41.84414469,-87.72477825,439829.13821531984,4632725.913034701
498,498,WALMART,2164075.0,303471.0,,A,1424 W 47TH ST,60609,NEW CITY,61,3,17031842600,170318000000000.0,41.80876829,-87.66098821,445094.77501058375,4628755.476370564
499,499,PETE'S FRESH SUPERMARKET,1771242.0,312119.0,,A,2526 W CERMAK RD,60608,SOUTH LAWNDALE,30,28,17031840700,170318000000000.0,41.85210065,-87.68905111,442802.2947998412,4633584.822813979
500,500,SAVE-A-LOT # 866,1299911.0,216203.0,,A,3939 W OGDEN AVE,60623,NORTH LAWNDALE,29,22,17031843400,170318000000000.0,41.85128849,-87.72385084,439912.8167331446,4633518.4172860375
501,501,MARIANO'S FRESH MARKET #8507,2163771.0,360006.0,,A,5353 N ELSTON AVE,60630,JEFFERSON PARK,11,45,17031110100,170311000000000.0,41.97871026,-87.75715377,437273.1983976425,4647689.670595726
502,502,WALGREENS # 06297,1248924.0,147.0,,A,6016 W 63RD ST,60638,CLEARING,64,23,17031640300,170316000000000.0,41.77795816,-87.7722942,435818.32345575676,4625411.851096396
503,503,WALGREENS #05034,18768.0,7551.0,,A,6315 S KEDZIE AVE,60629,CHICAGO LAWN,66,15,17031660600,170317000000000.0,41.77842134,-87.70297606,441579.4739992377,4625413.860318291
504,504,WALMART,,,,A,10900 S DOTY AVE W,60628,PULLMAN,50,9,17031500200,170315000000000.0,41.69631368,-87.59663224,450353.97832605906,4616231.121944756
505,505,LOUIS' GROCERIES,2153429.0,372246.0,,A,7604 S COTTAGE GROVE AVE,60619,GREATER GRAND CROSSING,69,6,17031691400,170317000000000.0,41.75655031,-87.60548285,449664.54631014407,4622923.987183836
